fecha,hora,tipo,lat,lon,vel_kmh,rumbo,alt_m,detalle
,,,,,,,,"1s BLE init: bleEnabled=true, arrancando Bluetooth"
,,,,,,,,"1s EVT ble 2/11: Bluefruit.begin()"
,,,,,,,,"1s EVT boot v0.3.0-dev mode=2"
,,,,,,,,"1s EVT ble 1/11: init del stack Bluetooth"
,,,,,,,,"1s BLE init: bleEnabled=true, arrancando Bluetooth"
,,,,,,,,"1s EVT ble 2/11: Bluefruit.begin()"
,,,,,,,,"1s EVT boot v0.3.0-dev mode=2"
,,,,,,,,"1s EVT ble 1/11: init del stack Bluetooth"
,,,,,,,,"1s BLE init: bleEnabled=true, arrancando Bluetooth"
,,,,,,,,"1s EVT ble 2/11: Bluefruit.begin()"
,,,,,,,,"1s EVT boot v0.3.0-dev mode=2"
,,,,,,,,"1s EVT ble 1/11: init del stack Bluetooth"
,,,,,,,,"1s BLE init: bleEnabled=true, arrancando Bluetooth"
,,,,,,,,"1s EVT ble 2/11: Bluefruit.begin()"
,,,,,,,,"1s EVT boot v0.3.0-dev mode=2"
,,,,,,,,"1s EVT ble 1/11: init del stack Bluetooth"
,,,,,,,,"1s BLE init: bleEnabled=true, arrancando Bluetooth"
,,,,,,,,"1s EVT ble 2/11: Bluefruit.begin()"
,,,,,,,,"1s EVT boot v0.3.0-dev mode=2"
,,,,,,,,"1s EVT ble 1/11: init del stack Bluetooth"
,,,,,,,,"1s BLE init: bleEnabled=true, arrancando Bluetooth"
,,,,,,,,"1s EVT ble 2/11: Bluefruit.begin()"
,,,,,,,,"1s EVT boot v0.3.0-dev mode=2"
,,,,,,,,"1s EVT ble 1/11: init del stack Bluetooth"
,,,,,,,,"1s BLE init: bleEnabled=true, arrancando Bluetooth"
,,,,,,,,"1s EVT ble 2/11: Bluefruit.begin()"
,,,,,,,,"1s EVT boot v0.3.0-dev mode=2"
,,,,,,,,"1s EVT ble 1/11: init del stack Bluetooth"
,,,,,,,,"1s BLE init: bleEnabled=true, arrancando Bluetooth"
,,,,,,,,"1s EVT ble 2/11: Bluefruit.begin()"
,,,,,,,,"1s EVT boot v0.3.0-dev mode=2"
,,,,,,,,"1s EVT ble 1/11: init del stack Bluetooth"
,,,,,,,,"1s BLE init: bleEnabled=true, arrancando Bluetooth"
,,,,,,,,"1s EVT ble 2/11: Bluefruit.begin()"
,,,,,,,,"1s EVT boot v0.3.0-dev mode=2"
,,,,,,,,"1s EVT ble 1/11: init del stack Bluetooth"
,,,,,,,,"1s BLE init: bleEnabled=true, arrancando Bluetooth"
,,,,,,,,"1s EVT ble 2/11: Bluefruit.begin()"
,,,,,,,,"1s EVT boot v0.3.0-dev mode=2"
,,,,,,,,"1s EVT ble 1/11: init del stack Bluetooth"
,,,,,,,,"1s BLE init: bleEnabled=true, arrancando Bluetooth"
,,,,,,,,"1s EVT ble 2/11: Bluefruit.begin()"
,,,,,,,,"1s EVT boot v0.3.0-dev mode=2"
,,,,,,,,"1s EVT ble 1/11: init del stack Bluetooth"
,,,,,,,,"1s BLE init: bleEnabled=true, arrancando Bluetooth"
,,,,,,,,"1s EVT ble 2/11: Bluefruit.begin()"
,,,,,,,,"1s EVT boot v0.3.0-dev mode=2"
,,,,,,,,"1s EVT ble 1/11: init del stack Bluetooth"
,,,,,,,,"1s BLE init: bleEnabled=true, arrancando Bluetooth"
,,,,,,,,"1s EVT ble 2/11: Bluefruit.begin()"
,,,,,,,,"1s EVT boot v0.3.0-dev mode=2"
,,,,,,,,"1s EVT ble 1/11: init del stack Bluetooth"
,,,,,,,,"1s BLE init: bleEnabled=true, arrancando Bluetooth"
,,,,,,,,"1s EVT ble 2/11: Bluefruit.begin()"
,,,,,,,,"1s EVT boot v0.3.0-dev mode=2"
,,,,,,,,"1s EVT ble 1/11: init del stack Bluetooth"
,,,,,,,,"1s BLE init: bleEnabled=true, arrancando Bluetooth"
,,,,,,,,"1s EVT ble 2/11: Bluefruit.begin()"
,,,,,,,,"1s EVT boot v0.3.0-dev mode=2"
,,,,,,,,"1s EVT ble 1/11: init del stack Bluetooth"
,,,,,,,,"1s BLE init: bleEnabled=true, arrancando Bluetooth"
,,,,,,,,"1s EVT ble 2/11: Bluefruit.begin()"
,,,,,,,,"1s EVT boot v0.3.0-dev mode=2"
,,,,,,,,"1s EVT ble 1/11: init del stack Bluetooth"
,,,,,,,,"1s BLE init: bleEnabled=true, arrancando Bluetooth"
,,,,,,,,"1s EVT ble 2/11: Bluefruit.begin()"
,,,,,,,,"1s EVT boot v0.3.0-dev mode=2"
,,,,,,,,"1s EVT ble 1/11: init del stack Bluetooth"
,,,,,,,,"1s BLE init: bleEnabled=true, arrancando Bluetooth"
,,,,,,,,"1s EVT ble 2/11: Bluefruit.begin()"
,,,,,,,,"1s EVT boot v0.3.0-dev mode=2"
,,,,,,,,"1s EVT ble 1/11: init del stack Bluetooth"
,,,,,,,,"1s BLE init: bleEnabled=true, arrancando Bluetooth"
,,,,,,,,"1s EVT ble 2/11: Bluefruit.begin()"
,,,,,,,,"1s EVT boot v0.3.0-dev mode=2"
,,,,,,,,"1s EVT ble 1/11: init del stack Bluetooth"
,,,,,,,,"1s BLE init: bleEnabled=true, arrancando Bluetooth"
,,,,,,,,"1s EVT ble 2/11: Bluefruit.begin()"
,,,,,,,,"1s EVT boot v0.3.0-dev mode=2"
,,,,,,,,"1s EVT ble 1/11: init del stack Bluetooth"
,,,,,,,,"1s BLE init: bleEnabled=true, arrancando Bluetooth"
,,,,,,,,"1s EVT ble 2/11: Bluefruit.begin()"
,,,,,,,,"1s EVT boot v0.3.0-dev mode=2"
,,,,,,,,"1s EVT ble 1/11: init del stack Bluetooth"
,,,,,,,,"1s BLE init: bleEnabled=true, arrancando Bluetooth"
,,,,,,,,"1s EVT ble 2/11: Bluefruit.begin()"
,,,,,,,,"1s EVT boot v0.3.0-dev mode=2"
,,,,,,,,"1s EVT ble 1/11: init del stack Bluetooth"
,,,,,,,,"1s BLE init: bleEnabled=true, arrancando Bluetooth"
,,,,,,,,"1s EVT ble 2/11: Bluefruit.begin()"
,,,,,,,,"1s EVT boot v0.3.0-dev mode=2"
,,,,,,,,"1s EVT ble 1/11: init del stack Bluetooth"
,,,,,,,,"1s BLE init: bleEnabled=true, arrancando Bluetooth"
,,,,,,,,"1s EVT ble 2/11: Bluefruit.begin()"
,,,,,,,,"1s EVT boot v0.3.0-dev mode=2"
,,,,,,,,"1s EVT ble 1/11: init del stack Bluetooth"
,,,,,,,,"1s BLE init: bleEnabled=true, arrancando Bluetooth"
,,,,,,,,"1s EVT ble 2/11: Bluefruit.begin()"
,,,,,,,,"1s EVT boot v0.3.0-dev mode=2"
,,,,,,,,"1s EVT ble 1/11: init del stack Bluetooth"
,,,,,,,,"1s BLE init: bleEnabled=true, arrancando Bluetooth"
,,,,,,,,"1s EVT ble 2/11: Bluefruit.begin()"
,,,,,,,,"1s EVT boot v0.3.0-dev mode=2"
,,,,,,,,"1s EVT ble 1/11: init del stack Bluetooth"
,,,,,,,,"1s BLE init: bleEnabled=true, arrancando Bluetooth"
,,,,,,,,"1s EVT ble 2/11: Bluefruit.begin()"
,,,,,,,,"1s EVT boot v0.3.0-dev mode=2"
,,,,,,,,"1s EVT ble 1/11: init del stack Bluetooth"
,,,,,,,,"1s BLE init: bleEnabled=true, arrancando Bluetooth"
,,,,,,,,"1s EVT ble 2/11: Bluefruit.begin()"
,,,,,,,,"1s EVT boot v0.3.0-dev mode=2"
,,,,,,,,"1s EVT ble 1/11: init del stack Bluetooth"
,,,,,,,,"1s BLE init: bleEnabled=true, arrancando Bluetooth"
,,,,,,,,"1s EVT ble 2/11: Bluefruit.begin()"
,,,,,,,,"1s EVT boot v0.3.0-dev mode=2"
,,,,,,,,"1s EVT ble 1/11: init del stack Bluetooth"
,,,,,,,,"1s BLE init: bleEnabled=true, arrancando Bluetooth"
,,,,,,,,"1s EVT ble 2/11: Bluefruit.begin()"
,,,,,,,,"1s EVT boot v0.3.0-dev mode=2"
,,,,,,,,"1s EVT ble 1/11: init del stack Bluetooth"
,,,,,,,,"1s BLE init: bleEnabled=true, arrancando Bluetooth"
,,,,,,,,"1s EVT ble 2/11: Bluefruit.begin()"
,,,,,,,,"1s EVT boot v0.3.0-dev mode=2"
,,,,,,,,"1s EVT ble 1/11: init del stack Bluetooth"
,,,,,,,,"1s BLE init: bleEnabled=true, arrancando Bluetooth"
,,,,,,,,"1s EVT ble 2/11: Bluefruit.begin()"
,,,,,,,,"1s EVT boot v0.3.0-dev mode=2"
,,,,,,,,"1s EVT ble 1/11: init del stack Bluetooth"
,,,,,,,,"1s BLE init: bleEnabled=true, arrancando Bluetooth"
,,,,,,,,"1s EVT ble 2/11: Bluefruit.begin()"
,,,,,,,,"1s EVT boot v0.3.0-dev mode=2"
,,,,,,,,"1s EVT ble 1/11: init del stack Bluetooth"
,,,,,,,,"1s BLE init: bleEnabled=true, arrancando Bluetooth"
,,,,,,,,"1s EVT ble 2/11: Bluefruit.begin()"
,,,,,,,,"1s EVT boot v0.3.0-dev mode=2"
,,,,,,,,"1s EVT ble 1/11: init del stack Bluetooth"
,,,,,,,,"1s BLE init: bleEnabled=true, arrancando Bluetooth"
,,,,,,,,"1s EVT ble 2/11: Bluefruit.begin()"
,,,,,,,,"1s EVT boot v0.3.0-dev mode=2"
,,,,,,,,"1s EVT ble 1/11: init del stack Bluetooth"
,,,,,,,,"1s BLE init: bleEnabled=true, arrancando Bluetooth"
,,,,,,,,"1s EVT ble 2/11: Bluefruit.begin()"
,,,,,,,,"1s EVT boot v0.3.0-dev mode=2"
,,,,,,,,"1s EVT ble 1/11: init del stack Bluetooth"
,,,,,,,,"1s BLE init: bleEnabled=true, arrancando Bluetooth"
,,,,,,,,"1s EVT ble 2/11: Bluefruit.begin()"
,,,,,,,,"1s EVT boot v0.3.0-dev mode=2"
,,,,,,,,"1s EVT ble 1/11: init del stack Bluetooth"
,,,,,,,,"1s BLE init: bleEnabled=true, arrancando Bluetooth"
,,,,,,,,"1s EVT ble 2/11: Bluefruit.begin()"
,,,,,,,,"1s EVT boot v0.3.0-dev mode=2"
,,,,,,,,"1s EVT ble 1/11: init del stack Bluetooth"
,,,,,,,,"1s BLE init: bleEnabled=true, arrancando Bluetooth"
,,,,,,,,"1s EVT ble 2/11: Bluefruit.begin()"
,,,,,,,,"1s EVT boot v0.3.0-dev mode=2"
,,,,,,,,"1s EVT ble 1/11: init del stack Bluetooth"
,,,,,,,,"1s BLE init: bleEnabled=true, arrancando Bluetooth"
,,,,,,,,"1s EVT ble 2/11: Bluefruit.begin()"
,,,,,,,,"1s EVT boot v0.3.0-dev mode=2"
,,,,,,,,"1s EVT ble 1/11: init del stack Bluetooth"
,,,,,,,,"1s BLE init: bleEnabled=true, arrancando Bluetooth"
,,,,,,,,"1s EVT ble 2/11: Bluefruit.begin()"
,,,,,,,,"1s EVT boot v0.3.0-dev mode=2"
,,,,,,,,"1s EVT ble 1/11: init del stack Bluetooth"
,,,,,,,,"1s BLE init: bleEnabled=true, arrancando Bluetooth"
,,,,,,,,"1s EVT ble 2/11: Bluefruit.begin()"
,,,,,,,,"1s EVT boot v0.3.0-dev mode=2"
,,,,,,,,"1s EVT ble 1/11: init del stack Bluetooth"
,,,,,,,,"1s BLE init: bleEnabled=true, arrancando Bluetooth"
,,,,,,,,"1s EVT ble 2/11: Bluefruit.begin()"
,,,,,,,,"1s EVT boot v0.3.0-dev mode=2"
,,,,,,,,"1s EVT ble 1/11: init del stack Bluetooth"
,,,,,,,,"1s BLE init: bleEnabled=true, arrancando Bluetooth"
,,,,,,,,"1s EVT ble 2/11: Bluefruit.begin()"
,,,,,,,,"1s EVT boot v0.3.0-dev mode=2"
,,,,,,,,"1s EVT ble 1/11: init del stack Bluetooth"
,,,,,,,,"1s BLE init: bleEnabled=true, arrancando Bluetooth"
,,,,,,,,"1s EVT ble 2/11: Bluefruit.begin()"
,,,,,,,,"1s EVT boot v0.3.0-dev mode=2"
,,,,,,,,"1s EVT ble 1/11: init del stack Bluetooth"
,,,,,,,,"0s BLE init: bleEnabled=true, arrancando Bluetooth"
,,,,,,,,"0s EVT ble 2/11: Bluefruit.begin()"
,,,,,,,,"0s EVT boot v0.3.0-dev mode=2"
,,,,,,,,"0s EVT ble 1/11: init del stack Bluetooth"
,,,,,,,,"0s BLE init: bleEnabled=true, arrancando Bluetooth"
,,,,,,,,"0s EVT ble 2/11: Bluefruit.begin()"
,,,,,,,,"0s EVT boot v0.3.0-dev mode=2"
,,,,,,,,"0s EVT ble 1/11: init del stack Bluetooth"
,,,,,,,,"0s BLE init: bleEnabled=true, arrancando Bluetooth"
,,,,,,,,"0s EVT ble 2/11: Bluefruit.begin()"
,,,,,,,,"0s EVT boot v0.3.0-dev mode=2"
,,,,,,,,"0s EVT ble 1/11: init del stack Bluetooth"
,,,,,,,,"0s BLE init: bleEnabled=true, arrancando Bluetooth"
,,,,,,,,"0s EVT ble 2/11: Bluefruit.begin()"
,,,,,,,,"0s EVT boot v0.3.0-dev mode=2"
,,,,,,,,"0s EVT ble 1/11: init del stack Bluetooth"
,,,,,,,,"0s BLE init: bleEnabled=true, arrancando Bluetooth"
,,,,,,,,"0s EVT ble 2/11: Bluefruit.begin()"
,,,,,,,,"0s EVT boot v0.3.0-dev mode=2"
,,,,,,,,"0s EVT ble 1/11: init del stack Bluetooth"
,,,,,,,,"0s BLE init: bleEnabled=true, arrancando Bluetooth"
,,,,,,,,"0s EVT ble 2/11: Bluefruit.begin()"
,,,,,,,,"0s EVT boot v0.3.0-dev mode=2"
,,,,,,,,"0s EVT ble 1/11: init del stack Bluetooth"
,,,,,,,,"0s BLE init: bleEnabled=true, arrancando Bluetooth"
,,,,,,,,"0s EVT ble 2/11: Bluefruit.begin()"
,,,,,,,,"0s EVT boot v0.3.0-dev mode=2"
,,,,,,,,"0s EVT ble 1/11: init del stack Bluetooth"
,,,,,,,,"0s BLE init: bleEnabled=true, arrancando Bluetooth"
,,,,,,,,"0s EVT ble 2/11: Bluefruit.begin()"
,,,,,,,,"0s EVT boot v0.3.0-dev mode=2"
,,,,,,,,"0s EVT ble 1/11: init del stack Bluetooth"
,,,,,,,,"0s BLE init: bleEnabled=true, arrancando Bluetooth"
,,,,,,,,"0s EVT ble 2/11: Bluefruit.begin()"
,,,,,,,,"0s EVT boot v0.3.0-dev mode=2"
,,,,,,,,"0s EVT ble 1/11: init del stack Bluetooth"
,,,,,,,,"0s BLE init: bleEnabled=true, arrancando Bluetooth"
,,,,,,,,"0s EVT ble 2/11: Bluefruit.begin()"
,,,,,,,,"0s EVT boot v0.3.0-dev mode=2"
,,,,,,,,"0s EVT ble 1/11: init del stack Bluetooth"
,,,,,,,,"0s BLE init: bleEnabled=true, arrancando Bluetooth"
,,,,,,,,"0s EVT ble 2/11: Bluefruit.begin()"
,,,,,,,,"0s EVT boot v0.3.0-dev mode=2"
,,,,,,,,"0s EVT ble 1/11: init del stack Bluetooth"
,,,,,,,,"0s BLE init: bleEnabled=true, arrancando Bluetooth"
,,,,,,,,"0s EVT ble 2/11: Bluefruit.begin()"
,,,,,,,,"0s EVT boot v0.3.0-dev mode=2"
,,,,,,,,"0s EVT ble 1/11: init del stack Bluetooth"
,,,,,,,,"0s BLE init: bleEnabled=true, arrancando Bluetooth"
,,,,,,,,"0s EVT ble 2/11: Bluefruit.begin()"
,,,,,,,,"0s EVT boot v0.3.0-dev mode=2"
,,,,,,,,"0s EVT ble 1/11: init del stack Bluetooth"
,,,,,,,,"0s BLE init: bleEnabled=true, arrancando Bluetooth"
,,,,,,,,"0s EVT ble 2/11: Bluefruit.begin()"
,,,,,,,,"0s EVT boot v0.3.0-dev mode=2"
,,,,,,,,"0s EVT ble 1/11: init del stack Bluetooth"
,,,,,,,,"0s BLE init: bleEnabled=true, arrancando Bluetooth"
,,,,,,,,"0s EVT ble 2/11: Bluefruit.begin()"
,,,,,,,,"0s EVT boot v0.3.0-dev mode=2"
,,,,,,,,"0s EVT ble 1/11: init del stack Bluetooth"
,,,,,,,,"0s BLE init: bleEnabled=true, arrancando Bluetooth"
,,,,,,,,"0s EVT ble 2/11: Bluefruit.begin()"
,,,,,,,,"0s EVT boot v0.3.0-dev mode=2"
,,,,,,,,"0s EVT ble 1/11: init del stack Bluetooth"
,,,,,,,,"0s BLE init: bleEnabled=true, arrancando Bluetooth"
,,,,,,,,"0s EVT ble 2/11: Bluefruit.begin()"
,,,,,,,,"0s EVT boot v0.3.0-dev mode=2"
,,,,,,,,"0s EVT ble 1/11: init del stack Bluetooth"
,,,,,,,,"0s BLE init: bleEnabled=true, arrancando Bluetooth"
,,,,,,,,"0s EVT ble 2/11: Bluefruit.begin()"
,,,,,,,,"0s EVT boot v0.3.0-dev mode=2"
,,,,,,,,"0s EVT ble 1/11: init del stack Bluetooth"
,,,,,,,,"0s BLE init: bleEnabled=true, arrancando Bluetooth"
,,,,,,,,"0s EVT ble 2/11: Bluefruit.begin()"
,,,,,,,,"0s EVT boot v0.3.0-dev mode=2"
,,,,,,,,"0s EVT ble 1/11: init del stack Bluetooth"
,,,,,,,,"0s BLE init: bleEnabled=true, arrancando Bluetooth"
,,,,,,,,"0s EVT ble 2/11: Bluefruit.begin()"
,,,,,,,,"0s EVT boot v0.3.0-dev mode=2"
,,,,,,,,"0s EVT ble 1/11: init del stack Bluetooth"
,,,,,,,,"0s BLE init: bleEnabled=true, arrancando Bluetooth"
,,,,,,,,"0s EVT ble 2/11: Bluefruit.begin()"
,,,,,,,,"0s EVT boot v0.3.0-dev mode=2"
,,,,,,,,"0s EVT ble 1/11: init del stack Bluetooth"
,,,,,,,,"0s BLE init: bleEnabled=true, arrancando Bluetooth"
,,,,,,,,"0s EVT ble 2/11: Bluefruit.begin()"
,,,,,,,,"0s EVT boot v0.3.0-dev mode=2"
,,,,,,,,"0s EVT ble 1/11: init del stack Bluetooth"
,,,,,,,,"0s BLE init: bleEnabled=true, arrancando Bluetooth"
,,,,,,,,"0s EVT ble 2/11: Bluefruit.begin()"
,,,,,,,,"0s EVT boot v0.3.0-dev mode=2"
,,,,,,,,"0s EVT ble 1/11: init del stack Bluetooth"
,,,,,,,,"0s BLE init: bleEnabled=true, arrancando Bluetooth"
,,,,,,,,"0s EVT ble 2/11: Bluefruit.begin()"
,,,,,,,,"0s EVT boot v0.3.0-dev mode=2"
,,,,,,,,"0s EVT ble 1/11: init del stack Bluetooth"
,,,,,,,,"0s BLE init: bleEnabled=true, arrancando Bluetooth"
,,,,,,,,"0s EVT ble 2/11: Bluefruit.begin()"
,,,,,,,,"0s EVT boot v0.3.0-dev mode=2"
,,,,,,,,"0s EVT ble 1/11: init del stack Bluetooth"
,,,,,,,,"0s BLE init: bleEnabled=true, arrancando Bluetooth"
,,,,,,,,"0s EVT ble 2/11: Bluefruit.begin()"
,,,,,,,,"0s EVT boot v0.3.0-dev mode=2"
,,,,,,,,"0s EVT ble 1/11: init del stack Bluetooth"
,,,,,,,,"0s BLE init: bleEnabled=true, arrancando Bluetooth"
,,,,,,,,"0s EVT ble 2/11: Bluefruit.begin()"
,,,,,,,,"0s EVT boot v0.3.0-dev mode=2"
,,,,,,,,"0s EVT ble 1/11: init del stack Bluetooth"
,,,,,,,,"0s BLE init: bleEnabled=true, arrancando Bluetooth"
,,,,,,,,"0s EVT ble 2/11: Bluefruit.begin()"
,,,,,,,,"0s EVT boot v0.3.0-dev mode=2"
,,,,,,,,"0s EVT ble 1/11: init del stack Bluetooth"
,,,,,,,,"0s BLE init: bleEnabled=true, arrancando Bluetooth"
,,,,,,,,"0s EVT ble 2/11: Bluefruit.begin()"
,,,,,,,,"0s EVT boot v0.3.0-dev mode=2"
,,,,,,,,"0s EVT ble 1/11: init del stack Bluetooth"
,,,,,,,,"0s BLE init: bleEnabled=true, arrancando Bluetooth"
,,,,,,,,"0s EVT ble 2/11: Bluefruit.begin()"
,,,,,,,,"0s EVT boot v0.3.0-dev mode=2"
,,,,,,,,"0s EVT ble 1/11: init del stack Bluetooth"
,,,,,,,,"0s BLE init: bleEnabled=true, arrancando Bluetooth"
,,,,,,,,"0s EVT ble 2/11: Bluefruit.begin()"
,,,,,,,,"0s EVT boot v0.3.0-dev mode=2"
,,,,,,,,"0s EVT ble 1/11: init del stack Bluetooth"
,,,,,,,,"0s BLE init: bleEnabled=true, arrancando Bluetooth"
,,,,,,,,"0s EVT ble 2/11: Bluefruit.begin()"
,,,,,,,,"0s EVT boot v0.3.0-dev mode=2"
,,,,,,,,"0s EVT ble 1/11: init del stack Bluetooth"
,,,,,,,,"0s BLE init: bleEnabled=true, arrancando Bluetooth"
,,,,,,,,"0s EVT ble 2/11: Bluefruit.begin()"
,,,,,,,,"0s EVT boot v0.3.0-dev mode=2"
,,,,,,,,"0s EVT ble 1/11: init del stack Bluetooth"
,,,,,,,,"0s BLE init: bleEnabled=true, arrancando Bluetooth"
,,,,,,,,"0s EVT ble 2/11: Bluefruit.begin()"
,,,,,,,,"0s EVT boot v0.3.0-dev mode=2"
,,,,,,,,"0s EVT ble 1/11: init del stack Bluetooth"
,,,,,,,,"0s BLE init: bleEnabled=true, arrancando Bluetooth"
,,,,,,,,"0s EVT ble 2/11: Bluefruit.begin()"
,,,,,,,,"0s EVT boot v0.3.0-dev mode=2"
,,,,,,,,"0s EVT ble 1/11: init del stack Bluetooth"
,,,,,,,,"0s BLE init: bleEnabled=true, arrancando Bluetooth"
,,,,,,,,"0s EVT ble 2/11: Bluefruit.begin()"
,,,,,,,,"0s EVT boot v0.3.0-dev mode=2"
,,,,,,,,"0s EVT ble 1/11: init del stack Bluetooth"
,,,,,,,,"0s BLE init: bleEnabled=true, arrancando Bluetooth"
,,,,,,,,"0s EVT ble 2/11: Bluefruit.begin()"
,,,,,,,,"0s EVT boot v0.3.0-dev mode=2"
,,,,,,,,"0s EVT ble 1/11: init del stack Bluetooth"
,,,,,,,,"0s BLE init: bleEnabled=true, arrancando Bluetooth"
,,,,,,,,"0s EVT ble 2/11: Bluefruit.begin()"
,,,,,,,,"0s EVT boot v0.3.0-dev mode=2"
,,,,,,,,"0s EVT ble 1/11: init del stack Bluetooth"
,,,,,,,,"0s BLE init: bleEnabled=true, arrancando Bluetooth"
,,,,,,,,"0s EVT ble 2/11: Bluefruit.begin()"
,,,,,,,,"0s EVT boot v0.3.0-dev mode=2"
,,,,,,,,"0s EVT ble 1/11: init del stack Bluetooth"
,,,,,,,,"0s BLE init: bleEnabled=true, arrancando Bluetooth"
,,,,,,,,"0s EVT ble 2/11: Bluefruit.begin()"
,,,,,,,,"0s EVT boot v0.3.0-dev mode=2"
,,,,,,,,"0s EVT ble 1/11: init del stack Bluetooth"
,,,,,,,,"0s BLE init: bleEnabled=true, arrancando Bluetooth"
,,,,,,,,"0s EVT ble 2/11: Bluefruit.begin()"
,,,,,,,,"0s EVT boot v0.3.0-dev mode=2"
,,,,,,,,"0s EVT ble 1/11: init del stack Bluetooth"
,,,,,,,,"0s BLE init: bleEnabled=true, arrancando Bluetooth"
,,,,,,,,"0s EVT ble 2/11: Bluefruit.begin()"
,,,,,,,,"0s EVT boot v0.3.0-dev mode=2"
,,,,,,,,"0s EVT ble 1/11: init del stack Bluetooth"
,,,,,,,,"0s BLE init: bleEnabled=true, arrancando Bluetooth"
,,,,,,,,"0s EVT ble 2/11: Bluefruit.begin()"
,,,,,,,,"0s EVT boot v0.3.0-dev mode=2"
,,,,,,,,"0s EVT ble 1/11: init del stack Bluetooth"
,,,,,,,,"0s BLE init: bleEnabled=true, arrancando Bluetooth"
,,,,,,,,"0s EVT ble 2/11: Bluefruit.begin()"
,,,,,,,,"0s EVT boot v0.3.0-dev mode=2"
,,,,,,,,"0s EVT ble 1/11: init del stack Bluetooth"
,,,,,,,,"0s BLE init: bleEnabled=true, arrancando Bluetooth"
,,,,,,,,"0s EVT ble 2/11: Bluefruit.begin()"
,,,,,,,,"0s EVT boot v0.3.0-dev mode=2"
,,,,,,,,"0s EVT ble 1/11: init del stack Bluetooth"
,,,,,,,,"0s BLE init: bleEnabled=true, arrancando Bluetooth"
,,,,,,,,"0s EVT ble 2/11: Bluefruit.begin()"
,,,,,,,,"0s EVT boot v0.3.0-dev mode=2"
,,,,,,,,"0s EVT ble 1/11: init del stack Bluetooth"
,,,,,,,,"0s BLE init: bleEnabled=true, arrancando Bluetooth"
,,,,,,,,"0s EVT ble 2/11: Bluefruit.begin()"
,,,,,,,,"0s EVT boot v0.3.0-dev mode=2"
,,,,,,,,"0s EVT ble 1/11: init del stack Bluetooth"
,,,,,,,,"0s BLE init: bleEnabled=true, arrancando Bluetooth"
,,,,,,,,"0s EVT ble 2/11: Bluefruit.begin()"
,,,,,,,,"0s EVT boot v0.3.0-dev mode=2"
,,,,,,,,"0s EVT ble 1/11: init del stack Bluetooth"
,,,,,,,,"0s BLE init: bleEnabled=true, arrancando Bluetooth"
,,,,,,,,"0s EVT ble 2/11: Bluefruit.begin()"
,,,,,,,,"0s EVT boot v0.3.0-dev mode=2"
,,,,,,,,"0s EVT ble 1/11: init del stack Bluetooth"
,,,,,,,,"0s BLE init: bleEnabled=true, arrancando Bluetooth"
,,,,,,,,"0s EVT ble 2/11: Bluefruit.begin()"
,,,,,,,,"0s EVT boot v0.3.0-dev mode=2"
,,,,,,,,"0s EVT ble 1/11: init del stack Bluetooth"
,,,,,,,,"0s BLE init: bleEnabled=true, arrancando Bluetooth"
,,,,,,,,"0s EVT ble 2/11: Bluefruit.begin()"
,,,,,,,,"0s EVT boot v0.3.0-dev mode=2"
,,,,,,,,"0s EVT ble 1/11: init del stack Bluetooth"
,,,,,,,,"0s BLE init: bleEnabled=true, arrancando Bluetooth"
,,,,,,,,"0s EVT ble 2/11: Bluefruit.begin()"
,,,,,,,,"0s EVT boot v0.3.0-dev mode=2"
,,,,,,,,"0s EVT ble 1/11: init del stack Bluetooth"
,,,,,,,,"0s BLE init: bleEnabled=true, arrancando Bluetooth"
,,,,,,,,"0s EVT ble 2/11: Bluefruit.begin()"
,,,,,,,,"0s EVT boot v0.3.0-dev mode=2"
,,,,,,,,"0s EVT ble 1/11: init del stack Bluetooth"
,,,,,,,,"0s BLE init: bleEnabled=true, arrancando Bluetooth"
,,,,,,,,"0s EVT ble 2/11: Bluefruit.begin()"
,,,,,,,,"0s EVT boot v0.3.0-dev mode=2"
,,,,,,,,"0s EVT ble 1/11: init del stack Bluetooth"
,,,,,,,,"0s BLE init: bleEnabled=true, arrancando Bluetooth"
,,,,,,,,"0s EVT ble 2/11: Bluefruit.begin()"
,,,,,,,,"0s EVT boot v0.3.0-dev mode=2"
,,,,,,,,"0s EVT ble 1/11: init del stack Bluetooth"
,,,,,,,,"0s BLE init: bleEnabled=true, arrancando Bluetooth"
,,,,,,,,"0s EVT ble 2/11: Bluefruit.begin()"
,,,,,,,,"0s EVT boot v0.3.0-dev mode=2"
,,,,,,,,"0s EVT ble 1/11: init del stack Bluetooth"
,,,,,,,,"0s BLE init: bleEnabled=true, arrancando Bluetooth"
,,,,,,,,"0s EVT ble 2/11: Bluefruit.begin()"
,,,,,,,,"0s EVT boot v0.3.0-dev mode=2"
,,,,,,,,"0s EVT ble 1/11: init del stack Bluetooth"
,,,,,,,,"0s BLE init: bleEnabled=true, arrancando Bluetooth"
,,,,,,,,"0s EVT ble 2/11: Bluefruit.begin()"
,,,,,,,,"0s EVT boot v0.3.0-dev mode=2"
,,,,,,,,"0s EVT ble 1/11: init del stack Bluetooth"
,,,,,,,,"0s BLE init: bleEnabled=true, arrancando Bluetooth"
,,,,,,,,"0s EVT ble 2/11: Bluefruit.begin()"
,,,,,,,,"0s EVT boot v0.3.0-dev mode=2"
,,,,,,,,"0s EVT ble 1/11: init del stack Bluetooth"
,,,,,,,,"0s BLE init: bleEnabled=true, arrancando Bluetooth"
,,,,,,,,"0s EVT ble 2/11: Bluefruit.begin()"
,,,,,,,,"0s EVT boot v0.3.0-dev mode=2"
,,,,,,,,"0s EVT ble 1/11: init del stack Bluetooth"
,,,,,,,,"0s BLE init: bleEnabled=true, arrancando Bluetooth"
,,,,,,,,"0s EVT ble 2/11: Bluefruit.begin()"
,,,,,,,,"0s EVT boot v0.3.0-dev mode=2"
,,,,,,,,"1s EVT mode=2 log=on"
,,,,,,,,"1s EVT ble 1/11: init del stack Bluetooth"
,,,,,,,,"1s BLE init: bleEnabled=true, arrancando Bluetooth"
,,,,,,,,"1s EVT ble 2/11: Bluefruit.begin()"
,,,,,,,,"0s EVT boot v0.3.0-dev mode=2"
,,,,,,,,"1s EVT mode=2 log=on"
,,,,,,,,"1s EVT ble 1/11: init del stack Bluetooth"
,,,,,,,,"1s BLE init: bleEnabled=true, arrancando Bluetooth"
,,,,,,,,"1s EVT ble 2/11: Bluefruit.begin()"
,,,,,,,,"0s EVT boot v0.3.0-dev mode=2"
,,,,,,,,"1s EVT mode=2 log=on"
,,,,,,,,"1s EVT ble 1/11: init del stack Bluetooth"
,,,,,,,,"1s BLE init: bleEnabled=true, arrancando Bluetooth"
,,,,,,,,"1s EVT ble 2/11: Bluefruit.begin()"
,,,,,,,,"0s EVT boot v0.3.0-dev mode=2"
,,,,,,,,"1s EVT mode=2 log=on"
,,,,,,,,"1s EVT ble 1/11: init del stack Bluetooth"
,,,,,,,,"1s BLE init: bleEnabled=true, arrancando Bluetooth"
,,,,,,,,"1s EVT ble 2/11: Bluefruit.begin()"
,,,,,,,,"0s EVT boot v0.3.0-dev mode=2"
,,,,,,,,"1s EVT mode=2 log=on"
,,,,,,,,"1s EVT ble 1/11: init del stack Bluetooth"
,,,,,,,,"1s BLE init: bleEnabled=true, arrancando Bluetooth"
,,,,,,,,"1s EVT ble 2/11: Bluefruit.begin()"
,,,,,,,,"0s EVT boot v0.3.0-dev mode=2"
,,,,,,,,"1s EVT mode=2 log=on"
,,,,,,,,"1s EVT ble 1/11: init del stack Bluetooth"
,,,,,,,,"1s BLE init: bleEnabled=true, arrancando Bluetooth"
,,,,,,,,"1s EVT ble 2/11: Bluefruit.begin()"
,,,,,,,,"0s EVT boot v0.3.0-dev mode=2"
,,,,,,,,"1s EVT mode=2 log=on"
,,,,,,,,"1s EVT ble 1/11: init del stack Bluetooth"
,,,,,,,,"1s BLE init: bleEnabled=true, arrancando Bluetooth"
,,,,,,,,"1s EVT ble 2/11: Bluefruit.begin()"
,,,,,,,,"0s EVT boot v0.3.0-dev mode=2"
,,,,,,,,"1s EVT mode=2 log=on"
,,,,,,,,"1s EVT ble 1/11: init del stack Bluetooth"
,,,,,,,,"1s BLE init: bleEnabled=true, arrancando Bluetooth"
,,,,,,,,"1s EVT ble 2/11: Bluefruit.begin()"
,,,,,,,,"0s EVT boot v0.3.0-dev mode=2"
,,,,,,,,"1s EVT mode=2 log=on"
,,,,,,,,"1s EVT ble 1/11: init del stack Bluetooth"
,,,,,,,,"1s BLE init: bleEnabled=true, arrancando Bluetooth"
,,,,,,,,"1s EVT ble 2/11: Bluefruit.begin()"
,,,,,,,,"0s EVT boot v0.3.0-dev mode=2"
,,,,,,,,"1s EVT mode=2 log=on"
,,,,,,,,"1s EVT ble 1/11: init del stack Bluetooth"
,,,,,,,,"1s BLE init: bleEnabled=true, arrancando Bluetooth"
,,,,,,,,"1s EVT ble 2/11: Bluefruit.begin()"
,,,,,,,,"0s EVT boot v0.3.0-dev mode=2"
,,,,,,,,"1s EVT mode=2 log=on"
,,,,,,,,"1s EVT ble 1/11: init del stack Bluetooth"
,,,,,,,,"1s BLE init: bleEnabled=true, arrancando Bluetooth"
,,,,,,,,"1s EVT ble 2/11: Bluefruit.begin()"
,,,,,,,,"0s EVT boot v0.3.0-dev mode=2"
,,,,,,,,"1s EVT mode=2 log=on"
,,,,,,,,"1s EVT ble 1/11: init del stack Bluetooth"
,,,,,,,,"1s BLE init: bleEnabled=true, arrancando Bluetooth"
,,,,,,,,"1s EVT ble 2/11: Bluefruit.begin()"
,,,,,,,,"0s EVT boot v0.3.0-dev mode=2"
,,,,,,,,"1s EVT mode=2 log=on"
,,,,,,,,"1s EVT ble 1/11: init del stack Bluetooth"
,,,,,,,,"1s BLE init: bleEnabled=true, arrancando Bluetooth"
,,,,,,,,"1s EVT ble 2/11: Bluefruit.begin()"
,,,,,,,,"0s EVT boot v0.3.0-dev mode=2"
,,,,,,,,"1s EVT mode=2 log=on"
,,,,,,,,"1s EVT ble 1/11: init del stack Bluetooth"
,,,,,,,,"1s BLE init: bleEnabled=true, arrancando Bluetooth"
,,,,,,,,"1s EVT ble 2/11: Bluefruit.begin()"
,,,,,,,,"0s EVT boot v0.3.0-dev mode=2"
,,,,,,,,"1s EVT mode=2 log=on"
,,,,,,,,"1s EVT ble 1/11: init del stack Bluetooth"
,,,,,,,,"1s BLE init: bleEnabled=true, arrancando Bluetooth"
,,,,,,,,"1s EVT ble 2/11: Bluefruit.begin()"
,,,,,,,,"0s EVT boot v0.3.0-dev mode=2"
,,,,,,,,"1s EVT mode=2 log=on"
,,,,,,,,"1s EVT ble 1/11: init del stack Bluetooth"
,,,,,,,,"1s BLE init: bleEnabled=true, arrancando Bluetooth"
,,,,,,,,"1s EVT ble 2/11: Bluefruit.begin()"
,,,,,,,,"0s EVT boot v0.3.0-dev mode=2"
,,,,,,,,"1s EVT mode=2 log=on"
,,,,,,,,"1s EVT ble 1/11: init del stack Bluetooth"
,,,,,,,,"1s BLE init: bleEnabled=true, arrancando Bluetooth"
,,,,,,,,"1s EVT ble 2/11: Bluefruit.begin()"
,,,,,,,,"0s EVT boot v0.3.0-dev mode=2"
,,,,,,,,"1s EVT mode=2 log=on"
,,,,,,,,"1s EVT ble 1/11: init del stack Bluetooth"
,,,,,,,,"1s BLE init: bleEnabled=true, arrancando Bluetooth"
,,,,,,,,"1s EVT ble 2/11: Bluefruit.begin()"
,,,,,,,,"0s EVT boot v0.3.0-dev mode=2"
,,,,,,,,"1s EVT mode=2 log=on"
,,,,,,,,"1s EVT ble 1/11: init del stack Bluetooth"
,,,,,,,,"1s BLE init: bleEnabled=true, arrancando Bluetooth"
,,,,,,,,"1s EVT ble 2/11: Bluefruit.begin()"
,,,,,,,,"0s EVT boot v0.3.0-dev mode=2"
,,,,,,,,"1s EVT mode=2 log=on"
,,,,,,,,"1s EVT ble 1/11: init del stack Bluetooth"
,,,,,,,,"1s BLE init: bleEnabled=true, arrancando Bluetooth"
,,,,,,,,"1s EVT ble 2/11: Bluefruit.begin()"
,,,,,,,,"0s EVT boot v0.3.0-dev mode=2"
,,,,,,,,"1s EVT mode=2 log=on"
,,,,,,,,"1s EVT ble 1/11: init del stack Bluetooth"
,,,,,,,,"1s BLE init: bleEnabled=true, arrancando Bluetooth"
,,,,,,,,"1s EVT ble 2/11: Bluefruit.begin()"
,,,,,,,,"0s EVT boot v0.3.0-dev mode=2"
,,,,,,,,"1s EVT mode=2 log=on"
,,,,,,,,"1s EVT ble 1/11: init del stack Bluetooth"
,,,,,,,,"1s BLE init: bleEnabled=true, arrancando Bluetooth"
,,,,,,,,"1s EVT ble 2/11: Bluefruit.begin()"
,,,,,,,,"0s EVT boot v0.3.0-dev mode=2"
,,,,,,,,"1s EVT mode=2 log=on"
,,,,,,,,"1s EVT ble 1/11: init del stack Bluetooth"
,,,,,,,,"1s BLE init: bleEnabled=true, arrancando Bluetooth"
,,,,,,,,"1s EVT ble 2/11: Bluefruit.begin()"
,,,,,,,,"0s EVT boot v0.3.0-dev mode=2"
,,,,,,,,"1s EVT mode=2 log=on"
,,,,,,,,"1s EVT ble 1/11: init del stack Bluetooth"
,,,,,,,,"1s BLE init: bleEnabled=true, arrancando Bluetooth"
,,,,,,,,"1s EVT ble 2/11: Bluefruit.begin()"
,,,,,,,,"0s EVT boot v0.3.0-dev mode=2"
,,,,,,,,"1s EVT mode=2 log=on"
,,,,,,,,"1s EVT ble 1/11: init del stack Bluetooth"
,,,,,,,,"1s BLE init: bleEnabled=true, arrancando Bluetooth"
,,,,,,,,"1s EVT ble 2/11: Bluefruit.begin()"
,,,,,,,,"0s EVT boot v0.3.0-dev mode=2"
,,,,,,,,"1s EVT mode=2 log=on"
,,,,,,,,"1s EVT ble 1/11: init del stack Bluetooth"
,,,,,,,,"1s BLE init: bleEnabled=true, arrancando Bluetooth"
,,,,,,,,"1s EVT ble 2/11: Bluefruit.begin()"
,,,,,,,,"0s EVT boot v0.3.0-dev mode=2"
,,,,,,,,"1s EVT mode=2 log=on"
,,,,,,,,"1s EVT ble 1/11: init del stack Bluetooth"
,,,,,,,,"1s BLE init: bleEnabled=true, arrancando Bluetooth"
,,,,,,,,"1s EVT ble 2/11: Bluefruit.begin()"
,,,,,,,,"0s EVT boot v0.3.0-dev mode=2"
,,,,,,,,"1s EVT mode=2 log=on"
,,,,,,,,"1s EVT ble 1/11: init del stack Bluetooth"
,,,,,,,,"1s BLE init: bleEnabled=true, arrancando Bluetooth"
,,,,,,,,"1s EVT ble 2/11: Bluefruit.begin()"
,,,,,,,,"0s EVT boot v0.3.0-dev mode=2"
,,,,,,,,"1s EVT mode=2 log=on"
,,,,,,,,"1s EVT ble 1/11: init del stack Bluetooth"
,,,,,,,,"1s BLE init: bleEnabled=true, arrancando Bluetooth"
,,,,,,,,"1s EVT ble 2/11: Bluefruit.begin()"
,,,,,,,,"0s EVT boot v0.3.0-dev mode=2"
,,,,,,,,"1s EVT mode=2 log=on"
,,,,,,,,"1s EVT ble 1/11: init del stack Bluetooth"
,,,,,,,,"1s BLE init: bleEnabled=true, arrancando Bluetooth"
,,,,,,,,"1s EVT ble 2/11: Bluefruit.begin()"
,,,,,,,,"0s EVT boot v0.3.0-dev mode=2"
,,,,,,,,"1s EVT mode=2 log=on"
,,,,,,,,"1s EVT ble 1/11: init del stack Bluetooth"
,,,,,,,,"1s BLE init: bleEnabled=true, arrancando Bluetooth"
,,,,,,,,"1s EVT ble 2/11: Bluefruit.begin()"
,,,,,,,,"0s EVT boot v0.3.0-dev mode=2"
,,,,,,,,"1s EVT mode=2 log=on"
,,,,,,,,"1s EVT ble 1/11: init del stack Bluetooth"
,,,,,,,,"1s BLE init: bleEnabled=true, arrancando Bluetooth"
,,,,,,,,"1s EVT ble 2/11: Bluefruit.begin()"
,,,,,,,,"0s EVT boot v0.3.0-dev mode=2"
,,,,,,,,"1s EVT mode=2 log=on"
,,,,,,,,"1s EVT ble 1/11: init del stack Bluetooth"
,,,,,,,,"1s BLE init: bleEnabled=true, arrancando Bluetooth"
,,,,,,,,"1s EVT ble 2/11: Bluefruit.begin()"
,,,,,,,,"0s EVT boot v0.3.0-dev mode=2"
,,,,,,,,"1s EVT mode=2 log=on"
,,,,,,,,"1s EVT ble 1/11: init del stack Bluetooth"
,,,,,,,,"1s BLE init: bleEnabled=true, arrancando Bluetooth"
,,,,,,,,"1s EVT ble 2/11: Bluefruit.begin()"
,,,,,,,,"0s EVT boot v0.3.0-dev mode=2"
,,,,,,,,"1s EVT mode=2 log=on"
,,,,,,,,"1s EVT ble 1/11: init del stack Bluetooth"
,,,,,,,,"1s BLE init: bleEnabled=true, arrancando Bluetooth"
,,,,,,,,"1s EVT ble 2/11: Bluefruit.begin()"
,,,,,,,,"0s EVT boot v0.3.0-dev mode=2"
,,,,,,,,"1s EVT mode=2 log=on"
,,,,,,,,"1s EVT ble 1/11: init del stack Bluetooth"
,,,,,,,,"1s BLE init: bleEnabled=true, arrancando Bluetooth"
,,,,,,,,"1s EVT ble 2/11: Bluefruit.begin()"
,,,,,,,,"0s EVT boot v0.3.0-dev mode=2"
,,,,,,,,"1s EVT mode=2 log=on"
,,,,,,,,"1s EVT ble 1/11: init del stack Bluetooth"
,,,,,,,,"1s BLE init: bleEnabled=true, arrancando Bluetooth"
,,,,,,,,"1s EVT ble 2/11: Bluefruit.begin()"
,,,,,,,,"0s EVT boot v0.3.0-dev mode=2"
,,,,,,,,"1s EVT mode=2 log=on"
,,,,,,,,"1s EVT ble 1/11: init del stack Bluetooth"
,,,,,,,,"1s BLE init: bleEnabled=true, arrancando Bluetooth"
,,,,,,,,"1s EVT ble 2/11: Bluefruit.begin()"
,,,,,,,,"0s EVT boot v0.3.0-dev mode=2"
,,,,,,,,"1s EVT mode=2 log=on"
,,,,,,,,"1s EVT ble 1/11: init del stack Bluetooth"
,,,,,,,,"1s BLE init: bleEnabled=true, arrancando Bluetooth"
,,,,,,,,"1s EVT ble 2/11: Bluefruit.begin()"
,,,,,,,,"0s EVT boot v0.3.0-dev mode=2"
,,,,,,,,"1s EVT mode=2 log=on"
,,,,,,,,"1s EVT ble 1/11: init del stack Bluetooth"
,,,,,,,,"1s BLE init: bleEnabled=true, arrancando Bluetooth"
,,,,,,,,"1s EVT ble 2/11: Bluefruit.begin()"
,,,,,,,,"0s EVT boot v0.3.0-dev mode=2"
,,,,,,,,"1s EVT mode=2 log=on"
,,,,,,,,"1s EVT ble 1/11: init del stack Bluetooth"
,,,,,,,,"1s BLE init: bleEnabled=true, arrancando Bluetooth"
,,,,,,,,"1s EVT ble 2/11: Bluefruit.begin()"
,,,,,,,,"0s EVT boot v0.3.0-dev mode=2"
,,,,,,,,"1s EVT mode=2 log=on"
,,,,,,,,"1s EVT ble 1/11: init del stack Bluetooth"
,,,,,,,,"1s BLE init: bleEnabled=true, arrancando Bluetooth"
,,,,,,,,"1s EVT ble 2/11: Bluefruit.begin()"
,,,,,,,,"0s EVT boot v0.3.0-dev mode=2"
,,,,,,,,"1s EVT mode=2 log=on"
,,,,,,,,"1s EVT ble 1/11: init del stack Bluetooth"
,,,,,,,,"1s BLE init: bleEnabled=true, arrancando Bluetooth"
,,,,,,,,"1s EVT ble 2/11: Bluefruit.begin()"
,,,,,,,,"0s EVT boot v0.3.0-dev mode=2"
,,,,,,,,"1s EVT mode=2 log=on"
,,,,,,,,"1s EVT ble 1/11: init del stack Bluetooth"
,,,,,,,,"1s BLE init: bleEnabled=true, arrancando Bluetooth"
,,,,,,,,"1s EVT ble 2/11: Bluefruit.begin()"
,,,,,,,,"0s EVT boot v0.3.0-dev mode=2"
,,,,,,,,"1s EVT mode=2 log=on"
,,,,,,,,"1s EVT ble 1/11: init del stack Bluetooth"
,,,,,,,,"1s BLE init: bleEnabled=true, arrancando Bluetooth"
,,,,,,,,"1s EVT ble 2/11: Bluefruit.begin()"
,,,,,,,,"0s EVT boot v0.3.0-dev mode=2"
,,,,,,,,"1s EVT mode=2 log=on"
,,,,,,,,"1s EVT ble 1/11: init del stack Bluetooth"
,,,,,,,,"1s BLE init: bleEnabled=true, arrancando Bluetooth"
,,,,,,,,"1s EVT ble 2/11: Bluefruit.begin()"
,,,,,,,,"0s EVT boot v0.3.0-dev mode=2"
,,,,,,,,"1s EVT mode=2 log=on"
,,,,,,,,"1s EVT ble 1/11: init del stack Bluetooth"
,,,,,,,,"1s BLE init: bleEnabled=true, arrancando Bluetooth"
,,,,,,,,"1s EVT ble 2/11: Bluefruit.begin()"
,,,,,,,,"0s EVT boot v0.3.0-dev mode=2"
,,,,,,,,"1s EVT mode=2 log=on"
,,,,,,,,"1s EVT ble 1/11: init del stack Bluetooth"
,,,,,,,,"1s BLE init: bleEnabled=true, arrancando Bluetooth"
,,,,,,,,"1s EVT ble 2/11: Bluefruit.begin()"
,,,,,,,,"0s EVT boot v0.3.0-dev mode=2"
,,,,,,,,"1s EVT mode=2 log=on"
,,,,,,,,"1s EVT ble 1/11: init del stack Bluetooth"
,,,,,,,,"1s BLE init: bleEnabled=true, arrancando Bluetooth"
,,,,,,,,"1s EVT ble 2/11: Bluefruit.begin()"
,,,,,,,,"0s EVT boot v0.3.0-dev mode=2"
,,,,,,,,"1s EVT mode=2 log=on"
,,,,,,,,"1s EVT ble 1/11: init del stack Bluetooth"
,,,,,,,,"1s BLE init: bleEnabled=true, arrancando Bluetooth"
,,,,,,,,"1s EVT ble 2/11: Bluefruit.begin()"
,,,,,,,,"0s EVT boot v0.3.0-dev mode=2"
,,,,,,,,"1s EVT mode=2 log=on"
,,,,,,,,"1s EVT ble 1/11: init del stack Bluetooth"
,,,,,,,,"1s BLE init: bleEnabled=true, arrancando Bluetooth"
,,,,,,,,"1s EVT ble 2/11: Bluefruit.begin()"
,,,,,,,,"0s EVT boot v0.3.0-dev mode=2"
,,,,,,,,"1s EVT mode=2 log=on"
,,,,,,,,"1s EVT ble 1/11: init del stack Bluetooth"
,,,,,,,,"1s BLE init: bleEnabled=true, arrancando Bluetooth"
,,,,,,,,"1s EVT ble 2/11: Bluefruit.begin()"
,,,,,,,,"0s EVT boot v0.3.0-dev mode=2"
,,,,,,,,"1s EVT mode=2 log=on"
,,,,,,,,"1s EVT ble 1/11: init del stack Bluetooth"
,,,,,,,,"1s BLE init: bleEnabled=true, arrancando Bluetooth"
,,,,,,,,"1s EVT ble 2/11: Bluefruit.begin()"
,,,,,,,,"0s EVT boot v0.3.0-dev mode=2"
,,,,,,,,"1s EVT mode=2 log=on"
,,,,,,,,"1s EVT ble 1/11: init del stack Bluetooth"
,,,,,,,,"1s BLE init: bleEnabled=true, arrancando Bluetooth"
,,,,,,,,"1s EVT ble 2/11: Bluefruit.begin()"
,,,,,,,,"0s EVT boot v0.3.0-dev mode=2"
,,,,,,,,"1s EVT mode=2 log=on"
,,,,,,,,"1s EVT ble 1/11: init del stack Bluetooth"
,,,,,,,,"1s BLE init: bleEnabled=true, arrancando Bluetooth"
,,,,,,,,"1s EVT ble 2/11: Bluefruit.begin()"
,,,,,,,,"0s EVT boot v0.3.0-dev mode=2"
,,,,,,,,"1s EVT mode=2 log=on"
,,,,,,,,"1s EVT ble 1/11: init del stack Bluetooth"
,,,,,,,,"1s BLE init: bleEnabled=true, arrancando Bluetooth"
,,,,,,,,"1s EVT ble 2/11: Bluefruit.begin()"
,,,,,,,,"0s EVT boot v0.3.0-dev mode=2"
,,,,,,,,"1s EVT mode=2 log=on"
,,,,,,,,"1s EVT ble 1/11: init del stack Bluetooth"
,,,,,,,,"1s BLE init: bleEnabled=true, arrancando Bluetooth"
,,,,,,,,"1s EVT ble 2/11: Bluefruit.begin()"
,,,,,,,,"0s EVT boot v0.3.0-dev mode=2"
,,,,,,,,"1s EVT mode=2 log=on"
,,,,,,,,"1s EVT ble 1/11: init del stack Bluetooth"
,,,,,,,,"1s BLE init: bleEnabled=true, arrancando Bluetooth"
,,,,,,,,"1s EVT ble 2/11: Bluefruit.begin()"
,,,,,,,,"0s EVT boot v0.3.0-dev mode=2"
,,,,,,,,"1s EVT mode=2 log=on"
,,,,,,,,"1s EVT ble 1/11: init del stack Bluetooth"
,,,,,,,,"1s BLE init: bleEnabled=true, arrancando Bluetooth"
,,,,,,,,"1s EVT ble 2/11: Bluefruit.begin()"
,,,,,,,,"0s EVT boot v0.3.0-dev mode=2"
,,,,,,,,"1s EVT mode=2 log=on"
,,,,,,,,"1s EVT ble 1/11: init del stack Bluetooth"
,,,,,,,,"1s BLE init: bleEnabled=true, arrancando Bluetooth"
,,,,,,,,"1s EVT ble 2/11: Bluefruit.begin()"
,,,,,,,,"0s EVT boot v0.3.0-dev mode=2"
,,,,,,,,"1s EVT mode=2 log=on"
,,,,,,,,"1s EVT ble 1/11: init del stack Bluetooth"
,,,,,,,,"1s BLE init: bleEnabled=true, arrancando Bluetooth"
,,,,,,,,"1s EVT ble 2/11: Bluefruit.begin()"
,,,,,,,,"0s EVT boot v0.3.0-dev mode=2"
,,,,,,,,"1s EVT mode=2 log=on"
,,,,,,,,"1s EVT ble 1/11: init del stack Bluetooth"
,,,,,,,,"1s BLE init: bleEnabled=true, arrancando Bluetooth"
,,,,,,,,"1s EVT ble 2/11: Bluefruit.begin()"
,,,,,,,,"0s EVT boot v0.3.0-dev mode=2"
,,,,,,,,"1s EVT mode=2 log=on"
,,,,,,,,"1s EVT ble 1/11: init del stack Bluetooth"
,,,,,,,,"1s BLE init: bleEnabled=true, arrancando Bluetooth"
,,,,,,,,"1s EVT ble 2/11: Bluefruit.begin()"
,,,,,,,,"0s EVT boot v0.3.0-dev mode=2"
,,,,,,,,"1s EVT mode=2 log=on"
,,,,,,,,"1s EVT ble 1/11: init del stack Bluetooth"
,,,,,,,,"1s BLE init: bleEnabled=true, arrancando Bluetooth"
,,,,,,,,"1s EVT ble 2/11: Bluefruit.begin()"
,,,,,,,,"0s EVT boot v0.3.0-dev mode=2"
,,,,,,,,"1s EVT mode=2 log=on"
,,,,,,,,"1s EVT ble 1/11: init del stack Bluetooth"
,,,,,,,,"1s BLE init: bleEnabled=true, arrancando Bluetooth"
,,,,,,,,"1s EVT ble 2/11: Bluefruit.begin()"
,,,,,,,,"0s EVT boot v0.3.0-dev mode=2"
,,,,,,,,"1s EVT mode=2 log=on"
,,,,,,,,"1s EVT ble 1/11: init del stack Bluetooth"
,,,,,,,,"1s BLE init: bleEnabled=true, arrancando Bluetooth"
,,,,,,,,"1s EVT ble 2/11: Bluefruit.begin()"
,,,,,,,,"0s EVT boot v0.3.0-dev mode=2"
,,,,,,,,"1s EVT mode=2 log=on"
,,,,,,,,"1s EVT ble 1/11: init del stack Bluetooth"
,,,,,,,,"1s BLE init: bleEnabled=true, arrancando Bluetooth"
,,,,,,,,"1s EVT ble 2/11: Bluefruit.begin()"
,,,,,,,,"0s EVT boot v0.3.0-dev mode=2"
,,,,,,,,"1s EVT mode=2 log=on"
,,,,,,,,"1s EVT ble 1/11: init del stack Bluetooth"
,,,,,,,,"1s BLE init: bleEnabled=true, arrancando Bluetooth"
,,,,,,,,"1s EVT ble 2/11: Bluefruit.begin()"
,,,,,,,,"0s EVT boot v0.3.0-dev mode=2"
,,,,,,,,"1s EVT mode=2 log=on"
,,,,,,,,"1s EVT ble 1/11: init del stack Bluetooth"
,,,,,,,,"1s BLE init: bleEnabled=true, arrancando Bluetooth"
,,,,,,,,"1s EVT ble 2/11: Bluefruit.begin()"
,,,,,,,,"0s EVT boot v0.3.0-dev mode=2"
,,,,,,,,"1s EVT mode=2 log=on"
,,,,,,,,"1s EVT ble 1/11: init del stack Bluetooth"
,,,,,,,,"1s BLE init: bleEnabled=true, arrancando Bluetooth"
,,,,,,,,"1s EVT ble 2/11: Bluefruit.begin()"
,,,,,,,,"0s EVT boot v0.3.0-dev mode=2"
,,,,,,,,"1s EVT mode=2 log=on"
,,,,,,,,"1s EVT ble 1/11: init del stack Bluetooth"
,,,,,,,,"1s BLE init: bleEnabled=true, arrancando Bluetooth"
,,,,,,,,"1s EVT ble 2/11: Bluefruit.begin()"
,,,,,,,,"0s EVT boot v0.3.0-dev mode=2"
,,,,,,,,"1s EVT mode=2 log=on"
,,,,,,,,"1s EVT ble 1/11: init del stack Bluetooth"
,,,,,,,,"1s BLE init: bleEnabled=true, arrancando Bluetooth"
,,,,,,,,"1s EVT ble 2/11: Bluefruit.begin()"
,,,,,,,,"0s EVT boot v0.3.0-dev mode=2"
,,,,,,,,"1s EVT mode=2 log=on"
,,,,,,,,"1s EVT ble 1/11: init del stack Bluetooth"
,,,,,,,,"1s BLE init: bleEnabled=true, arrancando Bluetooth"
,,,,,,,,"1s EVT ble 2/11: Bluefruit.begin()"
,,,,,,,,"0s EVT boot v0.3.0-dev mode=2"
,,,,,,,,"1s EVT mode=2 log=on"
,,,,,,,,"1s EVT ble 1/11: init del stack Bluetooth"
,,,,,,,,"1s BLE init: bleEnabled=true, arrancando Bluetooth"
,,,,,,,,"1s EVT ble 2/11: Bluefruit.begin()"
,,,,,,,,"0s EVT boot v0.3.0-dev mode=2"
,,,,,,,,"1s EVT mode=2 log=on"
,,,,,,,,"1s EVT ble 1/11: init del stack Bluetooth"
,,,,,,,,"1s BLE init: bleEnabled=true, arrancando Bluetooth"
,,,,,,,,"1s EVT ble 2/11: Bluefruit.begin()"
,,,,,,,,"0s EVT boot v0.3.0-dev mode=2"
,,,,,,,,"1s EVT mode=2 log=on"
,,,,,,,,"1s EVT ble 1/11: init del stack Bluetooth"
,,,,,,,,"1s BLE init: bleEnabled=true, arrancando Bluetooth"
,,,,,,,,"1s EVT ble 2/11: Bluefruit.begin()"
,,,,,,,,"0s EVT boot v0.3.0-dev mode=2"
,,,,,,,,"1s EVT mode=2 log=on"
,,,,,,,,"1s EVT ble 1/11: init del stack Bluetooth"
,,,,,,,,"1s BLE init: bleEnabled=true, arrancando Bluetooth"
,,,,,,,,"1s EVT ble 2/11: Bluefruit.begin()"
,,,,,,,,"0s EVT boot v0.3.0-dev mode=2"
,,,,,,,,"1s EVT mode=2 log=on"
,,,,,,,,"1s EVT ble 1/11: init del stack Bluetooth"
,,,,,,,,"1s BLE init: bleEnabled=true, arrancando Bluetooth"
,,,,,,,,"1s EVT ble 2/11: Bluefruit.begin()"
,,,,,,,,"0s EVT boot v0.3.0-dev mode=2"
,,,,,,,,"1s EVT mode=2 log=on"
,,,,,,,,"1s EVT ble 1/11: init del stack Bluetooth"
,,,,,,,,"1s BLE init: bleEnabled=true, arrancando Bluetooth"
,,,,,,,,"1s EVT ble 2/11: Bluefruit.begin()"
,,,,,,,,"0s EVT boot v0.3.0-dev mode=2"
,,,,,,,,"1s EVT mode=2 log=on"
,,,,,,,,"1s EVT ble 1/11: init del stack Bluetooth"
,,,,,,,,"1s BLE init: bleEnabled=true, arrancando Bluetooth"
,,,,,,,,"1s EVT ble 2/11: Bluefruit.begin()"
,,,,,,,,"0s EVT boot v0.3.0-dev mode=2"
,,,,,,,,"1s EVT mode=2 log=on"
,,,,,,,,"1s EVT ble 1/11: init del stack Bluetooth"
,,,,,,,,"1s BLE init: bleEnabled=true, arrancando Bluetooth"
,,,,,,,,"1s EVT ble 2/11: Bluefruit.begin()"
,,,,,,,,"0s EVT boot v0.3.0-dev mode=2"
,,,,,,,,"1s EVT mode=2 log=on"
,,,,,,,,"1s EVT ble 1/11: init del stack Bluetooth"
,,,,,,,,"1s BLE init: bleEnabled=true, arrancando Bluetooth"
,,,,,,,,"1s EVT ble 2/11: Bluefruit.begin()"
,,,,,,,,"0s EVT boot v0.3.0-dev mode=2"
,,,,,,,,"1s EVT mode=2 log=on"
,,,,,,,,"1s EVT ble 1/11: init del stack Bluetooth"
,,,,,,,,"1s BLE init: bleEnabled=true, arrancando Bluetooth"
,,,,,,,,"1s EVT ble 2/11: Bluefruit.begin()"
,,,,,,,,"0s EVT boot v0.3.0-dev mode=2"
,,,,,,,,"1s EVT mode=2 log=on"
,,,,,,,,"1s EVT ble 1/11: init del stack Bluetooth"
,,,,,,,,"1s BLE init: bleEnabled=true, arrancando Bluetooth"
,,,,,,,,"1s EVT ble 2/11: Bluefruit.begin()"
,,,,,,,,"0s EVT boot v0.3.0-dev mode=2"
,,,,,,,,"1s EVT mode=2 log=on"
,,,,,,,,"1s EVT ble 1/11: init del stack Bluetooth"
,,,,,,,,"1s BLE init: bleEnabled=true, arrancando Bluetooth"
,,,,,,,,"1s EVT ble 2/11: Bluefruit.begin()"
,,,,,,,,"0s EVT boot v0.3.0-dev mode=2"
,,,,,,,,"1s EVT mode=2 log=on"
,,,,,,,,"1s EVT ble 1/11: init del stack Bluetooth"
,,,,,,,,"1s BLE init: bleEnabled=true, arrancando Bluetooth"
,,,,,,,,"1s EVT ble 2/11: Bluefruit.begin()"
,,,,,,,,"0s EVT boot v0.3.0-dev mode=2"
,,,,,,,,"1s EVT mode=2 log=on"
,,,,,,,,"1s EVT ble 1/11: init del stack Bluetooth"
,,,,,,,,"1s BLE init: bleEnabled=true, arrancando Bluetooth"
,,,,,,,,"1s EVT ble 2/11: Bluefruit.begin()"
,,,,,,,,"0s EVT boot v0.3.0-dev mode=2"
,,,,,,,,"1s EVT mode=2 log=on"
,,,,,,,,"1s EVT ble 1/11: init del stack Bluetooth"
,,,,,,,,"1s BLE init: bleEnabled=true, arrancando Bluetooth"
,,,,,,,,"1s EVT ble 2/11: Bluefruit.begin()"
,,,,,,,,"0s EVT boot v0.3.0-dev mode=2"
,,,,,,,,"1s EVT mode=2 log=on"
,,,,,,,,"1s EVT ble 1/11: init del stack Bluetooth"
,,,,,,,,"1s BLE init: bleEnabled=true, arrancando Bluetooth"
,,,,,,,,"1s EVT ble 2/11: Bluefruit.begin()"
,,,,,,,,"0s EVT boot v0.3.0-dev mode=2"
,,,,,,,,"1s EVT mode=2 log=on"
,,,,,,,,"1s EVT ble 1/11: init del stack Bluetooth"
,,,,,,,,"1s BLE init: bleEnabled=true, arrancando Bluetooth"
,,,,,,,,"1s EVT ble 2/11: Bluefruit.begin()"
,,,,,,,,"0s EVT boot v0.3.0-dev mode=2"
,,,,,,,,"1s EVT mode=2 log=on"
,,,,,,,,"1s EVT ble 1/11: init del stack Bluetooth"
,,,,,,,,"1s BLE init: bleEnabled=true, arrancando Bluetooth"
,,,,,,,,"1s EVT ble 2/11: Bluefruit.begin()"
,,,,,,,,"0s EVT boot v0.3.0-dev mode=2"
,,,,,,,,"1s EVT mode=2 log=on"
,,,,,,,,"1s EVT ble 1/11: init del stack Bluetooth"
,,,,,,,,"1s BLE init: bleEnabled=true, arrancando Bluetooth"
,,,,,,,,"1s EVT ble 2/11: Bluefruit.begin()"
,,,,,,,,"0s EVT boot v0.3.0-dev mode=2"
,,,,,,,,"1s EVT mode=2 log=on"
,,,,,,,,"1s EVT ble 1/11: init del stack Bluetooth"
,,,,,,,,"1s BLE init: bleEnabled=true, arrancando Bluetooth"
,,,,,,,,"1s EVT ble 2/11: Bluefruit.begin()"
,,,,,,,,"0s EVT boot v0.3.0-dev mode=2"
,,,,,,,,"1s EVT mode=2 log=on"
,,,,,,,,"1s EVT ble 1/11: init del stack Bluetooth"
,,,,,,,,"1s BLE init: bleEnabled=true, arrancando Bluetooth"
,,,,,,,,"1s EVT ble 2/11: Bluefruit.begin()"
,,,,,,,,"0s EVT boot v0.3.0-dev mode=2"
,,,,,,,,"1s EVT mode=2 log=on"
,,,,,,,,"1s EVT ble 1/11: init del stack Bluetooth"
,,,,,,,,"1s BLE init: bleEnabled=true, arrancando Bluetooth"
,,,,,,,,"1s EVT ble 2/11: Bluefruit.begin()"
,,,,,,,,"0s EVT boot v0.3.0-dev mode=2"
,,,,,,,,"1s EVT mode=2 log=on"
,,,,,,,,"1s EVT ble 1/11: init del stack Bluetooth"
,,,,,,,,"1s BLE init: bleEnabled=true, arrancando Bluetooth"
,,,,,,,,"1s EVT ble 2/11: Bluefruit.begin()"
,,,,,,,,"0s EVT boot v0.3.0-dev mode=2"
,,,,,,,,"1s EVT mode=2 log=on"
,,,,,,,,"1s EVT ble 1/11: init del stack Bluetooth"
,,,,,,,,"1s BLE init: bleEnabled=true, arrancando Bluetooth"
,,,,,,,,"1s EVT ble 2/11: Bluefruit.begin()"
,,,,,,,,"0s EVT boot v0.3.0-dev mode=2"
,,,,,,,,"1s EVT mode=2 log=on"
,,,,,,,,"1s EVT ble 1/11: init del stack Bluetooth"
,,,,,,,,"1s BLE init: bleEnabled=true, arrancando Bluetooth"
,,,,,,,,"1s EVT ble 2/11: Bluefruit.begin()"
,,,,,,,,"0s EVT boot v0.3.0-dev mode=2"
,,,,,,,,"1s EVT mode=2 log=on"
,,,,,,,,"1s EVT ble 1/11: init del stack Bluetooth"
,,,,,,,,"1s BLE init: bleEnabled=true, arrancando Bluetooth"
,,,,,,,,"1s EVT ble 2/11: Bluefruit.begin()"
,,,,,,,,"0s EVT boot v0.3.0-dev mode=2"
,,,,,,,,"1s EVT mode=2 log=on"
,,,,,,,,"1s EVT ble 1/11: init del stack Bluetooth"
,,,,,,,,"1s BLE init: bleEnabled=true, arrancando Bluetooth"
,,,,,,,,"1s EVT ble 2/11: Bluefruit.begin()"
,,,,,,,,"0s EVT boot v0.3.0-dev mode=2"
,,,,,,,,"1s EVT mode=2 log=on"
,,,,,,,,"1s EVT ble 1/11: init del stack Bluetooth"
,,,,,,,,"1s BLE init: bleEnabled=true, arrancando Bluetooth"
,,,,,,,,"1s EVT ble 2/11: Bluefruit.begin()"
,,,,,,,,"0s EVT boot v0.3.0-dev mode=2"
,,,,,,,,"1s EVT mode=2 log=on"
,,,,,,,,"1s EVT ble 1/11: init del stack Bluetooth"
,,,,,,,,"1s BLE init: bleEnabled=true, arrancando Bluetooth"
,,,,,,,,"1s EVT ble 2/11: Bluefruit.begin()"
,,,,,,,,"0s EVT boot v0.3.0-dev mode=2"
,,,,,,,,"1s EVT mode=2 log=on"
,,,,,,,,"1s EVT ble 1/11: init del stack Bluetooth"
,,,,,,,,"1s BLE init: bleEnabled=true, arrancando Bluetooth"
,,,,,,,,"1s EVT ble 2/11: Bluefruit.begin()"
,,,,,,,,"0s EVT boot v0.3.0-dev mode=2"
,,,,,,,,"1s EVT mode=2 log=on"
,,,,,,,,"1s EVT ble 1/11: init del stack Bluetooth"
,,,,,,,,"1s BLE init: bleEnabled=true, arrancando Bluetooth"
,,,,,,,,"1s EVT ble 2/11: Bluefruit.begin()"
,,,,,,,,"0s EVT boot v0.3.0-dev mode=2"
,,,,,,,,"1s EVT mode=2 log=on"
,,,,,,,,"1s EVT ble 1/11: init del stack Bluetooth"
,,,,,,,,"1s BLE init: bleEnabled=true, arrancando Bluetooth"
,,,,,,,,"1s EVT ble 2/11: Bluefruit.begin()"
,,,,,,,,"0s EVT boot v0.3.0-dev mode=2"
,,,,,,,,"1s EVT mode=2 log=on"
,,,,,,,,"1s EVT ble 1/11: init del stack Bluetooth"
,,,,,,,,"1s BLE init: bleEnabled=true, arrancando Bluetooth"
,,,,,,,,"1s EVT ble 2/11: Bluefruit.begin()"
,,,,,,,,"0s EVT boot v0.3.0-dev mode=2"
,,,,,,,,"1s EVT mode=2 log=on"
,,,,,,,,"1s EVT ble 1/11: init del stack Bluetooth"
,,,,,,,,"1s BLE init: bleEnabled=true, arrancando Bluetooth"
,,,,,,,,"1s EVT ble 2/11: Bluefruit.begin()"
,,,,,,,,"0s EVT boot v0.3.0-dev mode=2"
,,,,,,,,"1s EVT mode=2 log=on"
,,,,,,,,"1s EVT ble 1/11: init del stack Bluetooth"
,,,,,,,,"1s BLE init: bleEnabled=true, arrancando Bluetooth"
,,,,,,,,"1s EVT ble 2/11: Bluefruit.begin()"
,,,,,,,,"0s EVT boot v0.3.0-dev mode=2"
,,,,,,,,"1s EVT mode=2 log=on"
,,,,,,,,"1s EVT ble 1/11: init del stack Bluetooth"
,,,,,,,,"1s BLE init: bleEnabled=true, arrancando Bluetooth"
,,,,,,,,"1s EVT ble 2/11: Bluefruit.begin()"
,,,,,,,,"0s EVT boot v0.3.0-dev mode=2"
,,,,,,,,"1s EVT mode=2 log=on"
,,,,,,,,"1s EVT ble 1/11: init del stack Bluetooth"
,,,,,,,,"1s BLE init: bleEnabled=true, arrancando Bluetooth"
,,,,,,,,"1s EVT ble 2/11: Bluefruit.begin()"
,,,,,,,,"0s EVT boot v0.3.0-dev mode=2"
,,,,,,,,"1s EVT mode=2 log=on"
,,,,,,,,"1s EVT ble 1/11: init del stack Bluetooth"
,,,,,,,,"1s BLE init: bleEnabled=true, arrancando Bluetooth"
,,,,,,,,"1s EVT ble 2/11: Bluefruit.begin()"
,,,,,,,,"0s EVT boot v0.3.0-dev mode=2"
,,,,,,,,"1s EVT mode=2 log=on"
,,,,,,,,"1s EVT ble 1/11: init del stack Bluetooth"
,,,,,,,,"1s BLE init: bleEnabled=true, arrancando Bluetooth"
,,,,,,,,"1s EVT ble 2/11: Bluefruit.begin()"
,,,,,,,,"0s EVT boot v0.3.0-dev mode=2"
,,,,,,,,"1s EVT mode=2 log=on"
,,,,,,,,"1s EVT ble 1/11: init del stack Bluetooth"
,,,,,,,,"1s BLE init: bleEnabled=true, arrancando Bluetooth"
,,,,,,,,"1s EVT ble 2/11: Bluefruit.begin()"
,,,,,,,,"0s EVT boot v0.3.0-dev mode=2"
,,,,,,,,"1s EVT mode=2 log=on"
,,,,,,,,"1s EVT ble 1/11: init del stack Bluetooth"
,,,,,,,,"1s BLE init: bleEnabled=true, arrancando Bluetooth"
,,,,,,,,"1s EVT ble 2/11: Bluefruit.begin()"
,,,,,,,,"0s EVT boot v0.3.0-dev mode=2"
,,,,,,,,"1s EVT mode=2 log=on"
,,,,,,,,"1s EVT ble 1/11: init del stack Bluetooth"
,,,,,,,,"1s BLE init: bleEnabled=true, arrancando Bluetooth"
,,,,,,,,"1s EVT ble 2/11: Bluefruit.begin()"
,,,,,,,,"0s EVT boot v0.3.0-dev mode=2"
,,,,,,,,"1s EVT mode=2 log=on"
,,,,,,,,"1s EVT ble 1/11: init del stack Bluetooth"
,,,,,,,,"1s BLE init: bleEnabled=true, arrancando Bluetooth"
,,,,,,,,"1s EVT ble 2/11: Bluefruit.begin()"
,,,,,,,,"0s EVT boot v0.3.0-dev mode=2"
,,,,,,,,"1s EVT mode=2 log=on"
,,,,,,,,"1s EVT ble 1/11: init del stack Bluetooth"
,,,,,,,,"1s BLE init: bleEnabled=true, arrancando Bluetooth"
,,,,,,,,"1s EVT ble 2/11: Bluefruit.begin()"
,,,,,,,,"0s EVT boot v0.3.0-dev mode=2"
,,,,,,,,"1s EVT mode=2 log=on"
,,,,,,,,"1s EVT ble 1/11: init del stack Bluetooth"
,,,,,,,,"1s BLE init: bleEnabled=true, arrancando Bluetooth"
,,,,,,,,"1s EVT ble 2/11: Bluefruit.begin()"
,,,,,,,,"0s EVT boot v0.3.0-dev mode=2"
,,,,,,,,"1s EVT mode=2 log=on"
,,,,,,,,"1s EVT ble 1/11: init del stack Bluetooth"
,,,,,,,,"1s BLE init: bleEnabled=true, arrancando Bluetooth"
,,,,,,,,"1s EVT ble 2/11: Bluefruit.begin()"
,,,,,,,,"0s EVT boot v0.3.0-dev mode=2"
,,,,,,,,"1s EVT mode=2 log=on"
,,,,,,,,"1s EVT ble 1/11: init del stack Bluetooth"
,,,,,,,,"1s BLE init: bleEnabled=true, arrancando Bluetooth"
,,,,,,,,"1s EVT ble 2/11: Bluefruit.begin()"
,,,,,,,,"0s EVT boot v0.3.0-dev mode=2"
,,,,,,,,"1s EVT mode=2 log=on"
,,,,,,,,"1s EVT ble 1/11: init del stack Bluetooth"
,,,,,,,,"1s BLE init: bleEnabled=true, arrancando Bluetooth"
,,,,,,,,"1s EVT ble 2/11: Bluefruit.begin()"
,,,,,,,,"0s EVT boot v0.3.0-dev mode=2"
,,,,,,,,"1s EVT mode=2 log=on"
,,,,,,,,"1s EVT ble 1/11: init del stack Bluetooth"
,,,,,,,,"1s BLE init: bleEnabled=true, arrancando Bluetooth"
,,,,,,,,"1s EVT ble 2/11: Bluefruit.begin()"
,,,,,,,,"0s EVT boot v0.3.0-dev mode=2"
,,,,,,,,"1s EVT mode=2 log=on"
,,,,,,,,"1s EVT ble 1/11: init del stack Bluetooth"
,,,,,,,,"1s BLE init: bleEnabled=true, arrancando Bluetooth"
,,,,,,,,"1s EVT ble 2/11: Bluefruit.begin()"
,,,,,,,,"0s EVT boot v0.3.0-dev mode=2"
,,,,,,,,"1s EVT mode=2 log=on"
,,,,,,,,"1s EVT ble 1/11: init del stack Bluetooth"
,,,,,,,,"1s BLE init: bleEnabled=true, arrancando Bluetooth"
,,,,,,,,"1s EVT ble 2/11: Bluefruit.begin()"
,,,,,,,,"0s EVT boot v0.3.0-dev mode=2"
,,,,,,,,"1s EVT mode=2 log=on"
,,,,,,,,"1s EVT ble 1/11: init del stack Bluetooth"
,,,,,,,,"1s BLE init: bleEnabled=true, arrancando Bluetooth"
,,,,,,,,"1s EVT ble 2/11: Bluefruit.begin()"
,,,,,,,,"0s EVT boot v0.3.0-dev mode=2"
,,,,,,,,"1s EVT mode=2 log=on"
,,,,,,,,"1s EVT ble 1/11: init del stack Bluetooth"
,,,,,,,,"1s BLE init: bleEnabled=true, arrancando Bluetooth"
,,,,,,,,"1s EVT ble 2/11: Bluefruit.begin()"
,,,,,,,,"0s EVT boot v0.3.0-dev mode=2"
,,,,,,,,"1s EVT mode=2 log=on"
,,,,,,,,"1s EVT ble 1/11: init del stack Bluetooth"
,,,,,,,,"1s BLE init: bleEnabled=true, arrancando Bluetooth"
,,,,,,,,"1s EVT ble 2/11: Bluefruit.begin()"
,,,,,,,,"0s EVT boot v0.3.0-dev mode=2"
,,,,,,,,"1s EVT mode=2 log=on"
,,,,,,,,"1s EVT ble 1/11: init del stack Bluetooth"
,,,,,,,,"1s BLE init: bleEnabled=true, arrancando Bluetooth"
,,,,,,,,"1s EVT ble 2/11: Bluefruit.begin()"
,,,,,,,,"0s EVT boot v0.3.0-dev mode=2"
,,,,,,,,"1s EVT mode=2 log=on"
,,,,,,,,"1s EVT ble 1/11: init del stack Bluetooth"
,,,,,,,,"1s BLE init: bleEnabled=true, arrancando Bluetooth"
,,,,,,,,"1s EVT ble 2/11: Bluefruit.begin()"
,,,,,,,,"0s EVT boot v0.3.0-dev mode=2"
,,,,,,,,"1s EVT mode=2 log=on"
,,,,,,,,"1s EVT ble 1/11: init del stack Bluetooth"
,,,,,,,,"1s BLE init: bleEnabled=true, arrancando Bluetooth"
,,,,,,,,"1s EVT ble 2/11: Bluefruit.begin()"
,,,,,,,,"0s EVT boot v0.3.0-dev mode=2"
,,,,,,,,"1s EVT mode=2 log=on"
,,,,,,,,"1s EVT ble 1/11: init del stack Bluetooth"
,,,,,,,,"1s BLE init: bleEnabled=true, arrancando Bluetooth"
,,,,,,,,"1s EVT ble 2/11: Bluefruit.begin()"
,,,,,,,,"0s EVT boot v0.3.0-dev mode=2"
,,,,,,,,"1s EVT mode=2 log=on"
,,,,,,,,"1s EVT ble 1/11: init del stack Bluetooth"
,,,,,,,,"1s BLE init: bleEnabled=true, arrancando Bluetooth"
,,,,,,,,"1s EVT ble 2/11: Bluefruit.begin()"
,,,,,,,,"0s EVT boot v0.3.0-dev mode=2"
,,,,,,,,"1s EVT mode=2 log=on"
,,,,,,,,"1s EVT ble 1/11: init del stack Bluetooth"
,,,,,,,,"1s BLE init: bleEnabled=true, arrancando Bluetooth"
,,,,,,,,"1s EVT ble 2/11: Bluefruit.begin()"
,,,,,,,,"0s EVT boot v0.3.0-dev mode=2"
,,,,,,,,"1s EVT mode=2 log=on"
,,,,,,,,"1s EVT ble 1/11: init del stack Bluetooth"
,,,,,,,,"1s BLE init: bleEnabled=true, arrancando Bluetooth"
,,,,,,,,"1s EVT ble 2/11: Bluefruit.begin()"
,,,,,,,,"0s EVT boot v0.3.0-dev mode=2"
,,,,,,,,"1s EVT mode=2 log=on"
,,,,,,,,"1s EVT ble 1/11: init del stack Bluetooth"
,,,,,,,,"1s BLE init: bleEnabled=true, arrancando Bluetooth"
,,,,,,,,"1s EVT ble 2/11: Bluefruit.begin()"
,,,,,,,,"0s EVT boot v0.3.0-dev mode=2"
,,,,,,,,"1s EVT mode=2 log=on"
,,,,,,,,"1s EVT ble 1/11: init del stack Bluetooth"
,,,,,,,,"1s BLE init: bleEnabled=true, arrancando Bluetooth"
,,,,,,,,"1s EVT ble 2/11: Bluefruit.begin()"
,,,,,,,,"0s EVT boot v0.3.0-dev mode=2"
,,,,,,,,"1s EVT mode=2 log=on"
,,,,,,,,"1s EVT ble 1/11: init del stack Bluetooth"
,,,,,,,,"1s BLE init: bleEnabled=true, arrancando Bluetooth"
,,,,,,,,"1s EVT ble 2/11: Bluefruit.begin()"
,,,,,,,,"0s EVT boot v0.3.0-dev mode=2"
,,,,,,,,"1s EVT mode=2 log=on"
,,,,,,,,"1s EVT ble 1/11: init del stack Bluetooth"
,,,,,,,,"1s BLE init: bleEnabled=true, arrancando Bluetooth"
,,,,,,,,"1s EVT ble 2/11: Bluefruit.begin()"
,,,,,,,,"1s EVT mode=2 log=on"
,,,,,,,,"1s EVT ble 1/11: init del stack Bluetooth"
,,,,,,,,"1s BLE init: bleEnabled=true, arrancando Bluetooth"
,,,,,,,,"1s EVT ble 2/11: Bluefruit.begin()"
,,,,,,,,"0s EVT boot v0.3.0-dev mode=2"
,,,,,,,,"1s EVT mode=2 log=on"
,,,,,,,,"1s EVT ble 1/11: init del stack Bluetooth"
,,,,,,,,"1s BLE init: bleEnabled=true, arrancando Bluetooth"
,,,,,,,,"1s EVT ble 2/11: Bluefruit.begin()"
,,,,,,,,"0s EVT boot v0.3.0-dev mode=2"
,,,,,,,,"1s EVT mode=2 log=on"
,,,,,,,,"1s EVT ble 1/11: init del stack Bluetooth"
,,,,,,,,"1s BLE init: bleEnabled=true, arrancando Bluetooth"
,,,,,,,,"1s EVT ble 2/11: Bluefruit.begin()"
,,,,,,,,"0s EVT boot v0.3.0-dev mode=2"
,,,,,,,,"1s EVT mode=2 log=on"
,,,,,,,,"1s EVT ble 1/11: init del stack Bluetooth"
,,,,,,,,"1s BLE init: bleEnabled=true, arrancando Bluetooth"
,,,,,,,,"1s EVT ble 2/11: Bluefruit.begin()"
,,,,,,,,"0s EVT boot v0.3.0-dev mode=2"
,,,,,,,,"1s EVT mode=2 log=on"
,,,,,,,,"1s EVT ble 1/11: init del stack Bluetooth"
,,,,,,,,"1s BLE init: bleEnabled=true, arrancando Bluetooth"
,,,,,,,,"1s EVT ble 2/11: Bluefruit.begin()"
,,,,,,,,"0s EVT boot v0.3.0-dev mode=2"
,,,,,,,,"1s EVT mode=2 log=on"
,,,,,,,,"1s EVT ble 1/11: init del stack Bluetooth"
,,,,,,,,"1s BLE init: bleEnabled=true, arrancando Bluetooth"
,,,,,,,,"1s EVT ble 2/11: Bluefruit.begin()"
,,,,,,,,"0s EVT boot v0.3.0-dev mode=2"
,,,,,,,,"1s EVT mode=2 log=on"
,,,,,,,,"1s EVT ble 1/11: init del stack Bluetooth"
,,,,,,,,"1s BLE init: bleEnabled=true, arrancando Bluetooth"
,,,,,,,,"1s EVT ble 2/11: Bluefruit.begin()"
,,,,,,,,"0s EVT boot v0.3.0-dev mode=2"
,,,,,,,,"1s EVT mode=2 log=on"
,,,,,,,,"1s EVT ble 1/11: init del stack Bluetooth"
,,,,,,,,"1s BLE init: bleEnabled=true, arrancando Bluetooth"
,,,,,,,,"1s EVT ble 2/11: Bluefruit.begin()"
,,,,,,,,"0s EVT boot v0.3.0-dev mode=2"
,,,,,,,,"1s EVT mode=2 log=on"
,,,,,,,,"1s EVT ble 1/11: init del stack Bluetooth"
,,,,,,,,"1s BLE init: bleEnabled=true, arrancando Bluetooth"
,,,,,,,,"1s EVT ble 2/11: Bluefruit.begin()"
,,,,,,,,"0s EVT boot v0.3.0-dev mode=2"
,,,,,,,,"1s EVT mode=2 log=on"
,,,,,,,,"1s EVT ble 1/11: init del stack Bluetooth"
,,,,,,,,"1s BLE init: bleEnabled=true, arrancando Bluetooth"
,,,,,,,,"1s EVT ble 2/11: Bluefruit.begin()"
,,,,,,,,"0s EVT boot v0.3.0-dev mode=2"
,,,,,,,,"1s EVT mode=2 log=on"
,,,,,,,,"1s EVT ble 1/11: init del stack Bluetooth"
,,,,,,,,"1s BLE init: bleEnabled=true, arrancando Bluetooth"
,,,,,,,,"1s EVT ble 2/11: Bluefruit.begin()"
,,,,,,,,"0s EVT boot v0.3.0-dev mode=2"
,,,,,,,,"1s EVT mode=2 log=on"
,,,,,,,,"1s EVT ble 1/11: init del stack Bluetooth"
,,,,,,,,"1s BLE init: bleEnabled=true, arrancando Bluetooth"
,,,,,,,,"1s EVT ble 2/11: Bluefruit.begin()"
,,,,,,,,"0s EVT boot v0.3.0-dev mode=2"
,,,,,,,,"1s EVT mode=2 log=on"
,,,,,,,,"1s EVT ble 1/11: init del stack Bluetooth"
,,,,,,,,"1s BLE init: bleEnabled=true, arrancando Bluetooth"
,,,,,,,,"1s EVT ble 2/11: Bluefruit.begin()"
,,,,,,,,"0s EVT boot v0.3.0-dev mode=2"
,,,,,,,,"1s EVT mode=2 log=on"
,,,,,,,,"1s EVT ble 1/11: init del stack Bluetooth"
,,,,,,,,"1s BLE init: bleEnabled=true, arrancando Bluetooth"
,,,,,,,,"1s EVT ble 2/11: Bluefruit.begin()"
,,,,,,,,"0s EVT boot v0.3.0-dev mode=2"
,,,,,,,,"1s EVT boot v0.3.0-dev mode=2"
,,,,,,,,"1s EVT mode=2 log=on"
,,,,,,,,"1s EVT ble 1/11: init del stack Bluetooth"
,,,,,,,,"1s BLE init: bleEnabled=true, arrancando Bluetooth"
,,,,,,,,"1s EVT ble 2/11: Bluefruit.begin()"
,,,,,,,,"1s EVT boot v0.3.0-dev mode=2"
,,,,,,,,"1s EVT mode=2 log=on"
,,,,,,,,"1s EVT ble 1/11: init del stack Bluetooth"
,,,,,,,,"1s BLE init: bleEnabled=true, arrancando Bluetooth"
,,,,,,,,"1s EVT ble 2/11: Bluefruit.begin()"
,,,,,,,,"1s EVT boot v0.3.0-dev mode=2"
,,,,,,,,"1s EVT mode=2 log=on"
,,,,,,,,"1s EVT ble 1/11: init del stack Bluetooth"
,,,,,,,,"1s BLE init: bleEnabled=true, arrancando Bluetooth"
,,,,,,,,"1s EVT ble 2/11: Bluefruit.begin()"
,,,,,,,,"1s EVT boot v0.3.0-dev mode=2"
,,,,,,,,"1s EVT mode=2 log=on"
,,,,,,,,"1s EVT ble 1/11: init del stack Bluetooth"
,,,,,,,,"1s BLE init: bleEnabled=true, arrancando Bluetooth"
,,,,,,,,"1s EVT ble 2/11: Bluefruit.begin()"
,,,,,,,,"1s EVT boot v0.3.0-dev mode=2"
,,,,,,,,"1s EVT mode=2 log=on"
,,,,,,,,"1s EVT ble 1/11: init del stack Bluetooth"
,,,,,,,,"1s BLE init: bleEnabled=true, arrancando Bluetooth"
,,,,,,,,"1s EVT ble 2/11: Bluefruit.begin()"
,,,,,,,,"1s EVT boot v0.3.0-dev mode=2"
,,,,,,,,"1s EVT mode=2 log=on"
,,,,,,,,"1s EVT ble 1/11: init del stack Bluetooth"
,,,,,,,,"1s BLE init: bleEnabled=true, arrancando Bluetooth"
,,,,,,,,"1s EVT ble 2/11: Bluefruit.begin()"
,,,,,,,,"1s EVT boot v0.3.0-dev mode=2"
,,,,,,,,"1s EVT mode=2 log=on"
,,,,,,,,"1s EVT ble 1/11: init del stack Bluetooth"
,,,,,,,,"1s BLE init: bleEnabled=true, arrancando Bluetooth"
,,,,,,,,"1s EVT ble 2/11: Bluefruit.begin()"
,,,,,,,,"1s EVT boot v0.3.0-dev mode=2"
,,,,,,,,"1s EVT mode=2 log=on"
,,,,,,,,"1s EVT ble 1/11: init del stack Bluetooth"
,,,,,,,,"1s BLE init: bleEnabled=true, arrancando Bluetooth"
,,,,,,,,"1s EVT ble 2/11: Bluefruit.begin()"
,,,,,,,,"1s EVT boot v0.3.0-dev mode=2"
,,,,,,,,"1s EVT mode=2 log=on"
,,,,,,,,"1s EVT ble 1/11: init del stack Bluetooth"
,,,,,,,,"1s BLE init: bleEnabled=true, arrancando Bluetooth"
,,,,,,,,"1s EVT ble 2/11: Bluefruit.begin()"
,,,,,,,,"1s EVT boot v0.3.0-dev mode=2"
,,,,,,,,"1s EVT mode=2 log=on"
,,,,,,,,"1s EVT ble 1/11: init del stack Bluetooth"
,,,,,,,,"1s BLE init: bleEnabled=true, arrancando Bluetooth"
,,,,,,,,"1s EVT ble 2/11: Bluefruit.begin()"
,,,,,,,,"1s EVT boot v0.3.0-dev mode=2"
,,,,,,,,"1s EVT mode=2 log=on"
,,,,,,,,"1s EVT ble 1/11: init del stack Bluetooth"
,,,,,,,,"1s BLE init: bleEnabled=true, arrancando Bluetooth"
,,,,,,,,"1s EVT ble 2/11: Bluefruit.begin()"
,,,,,,,,"1s EVT boot v0.3.0-dev mode=2"
,,,,,,,,"1s EVT mode=2 log=on"
,,,,,,,,"1s EVT ble 1/11: init del stack Bluetooth"
,,,,,,,,"1s BLE init: bleEnabled=true, arrancando Bluetooth"
,,,,,,,,"1s EVT ble 2/11: Bluefruit.begin()"
,,,,,,,,"1s EVT boot v0.3.0-dev mode=2"
,,,,,,,,"1s EVT mode=2 log=on"
,,,,,,,,"1s EVT ble 1/11: init del stack Bluetooth"
,,,,,,,,"1s BLE init: bleEnabled=true, arrancando Bluetooth"
,,,,,,,,"1s EVT ble 2/11: Bluefruit.begin()"
,,,,,,,,"1s EVT boot v0.3.0-dev mode=2"
,,,,,,,,"1s EVT mode=2 log=on"
,,,,,,,,"1s EVT ble 1/11: init del stack Bluetooth"
,,,,,,,,"1s BLE init: bleEnabled=true, arrancando Bluetooth"
,,,,,,,,"1s EVT ble 2/11: Bluefruit.begin()"
,,,,,,,,"1s EVT boot v0.3.0-dev mode=2"
,,,,,,,,"1s EVT mode=2 log=on"
,,,,,,,,"1s EVT ble 1/11: init del stack Bluetooth"
,,,,,,,,"1s BLE init: bleEnabled=true, arrancando Bluetooth"
,,,,,,,,"1s EVT ble 2/11: Bluefruit.begin()"
,,,,,,,,"1s EVT boot v0.3.0-dev mode=2"
,,,,,,,,"1s EVT mode=2 log=on"
,,,,,,,,"1s EVT ble 1/11: init del stack Bluetooth"
,,,,,,,,"1s BLE init: bleEnabled=true, arrancando Bluetooth"
,,,,,,,,"1s EVT ble 2/11: Bluefruit.begin()"
,,,,,,,,"1s EVT boot v0.3.0-dev mode=2"
,,,,,,,,"1s EVT mode=2 log=on"
,,,,,,,,"1s EVT ble 1/11: init del stack Bluetooth"
,,,,,,,,"1s BLE init: bleEnabled=true, arrancando Bluetooth"
,,,,,,,,"1s EVT ble 2/11: Bluefruit.begin()"
,,,,,,,,"1s EVT boot v0.3.0-dev mode=2"
,,,,,,,,"1s EVT mode=2 log=on"
,,,,,,,,"1s EVT ble 1/11: init del stack Bluetooth"
,,,,,,,,"1s BLE init: bleEnabled=true, arrancando Bluetooth"
,,,,,,,,"1s EVT ble 2/11: Bluefruit.begin()"
,,,,,,,,"1s EVT boot v0.3.0-dev mode=2"
,,,,,,,,"1s EVT mode=2 log=on"
,,,,,,,,"1s EVT ble 1/11: init del stack Bluetooth"
,,,,,,,,"1s BLE init: bleEnabled=true, arrancando Bluetooth"
,,,,,,,,"1s EVT ble 2/11: Bluefruit.begin()"
,,,,,,,,"1s EVT boot v0.3.0-dev mode=2"
,,,,,,,,"1s EVT mode=2 log=on"
,,,,,,,,"1s EVT ble 1/11: init del stack Bluetooth"
,,,,,,,,"1s BLE init: bleEnabled=true, arrancando Bluetooth"
,,,,,,,,"1s EVT ble 2/11: Bluefruit.begin()"
,,,,,,,,"1s EVT boot v0.3.0-dev mode=2"
,,,,,,,,"1s EVT mode=2 log=on"
,,,,,,,,"1s EVT ble 1/11: init del stack Bluetooth"
,,,,,,,,"1s BLE init: bleEnabled=true, arrancando Bluetooth"
,,,,,,,,"1s EVT ble 2/11: Bluefruit.begin()"
,,,,,,,,"1s EVT boot v0.3.0-dev mode=2"
,,,,,,,,"1s EVT mode=2 log=on"
,,,,,,,,"1s EVT ble 1/11: init del stack Bluetooth"
,,,,,,,,"1s BLE init: bleEnabled=true, arrancando Bluetooth"
,,,,,,,,"1s EVT ble 2/11: Bluefruit.begin()"
,,,,,,,,"1s EVT boot v0.3.0-dev mode=2"
,,,,,,,,"1s EVT mode=2 log=on"
,,,,,,,,"1s EVT ble 1/11: init del stack Bluetooth"
,,,,,,,,"1s BLE init: bleEnabled=true, arrancando Bluetooth"
,,,,,,,,"1s EVT ble 2/11: Bluefruit.begin()"
,,,,,,,,"1s EVT boot v0.3.0-dev mode=2"
,,,,,,,,"1s EVT mode=2 log=on"
,,,,,,,,"1s EVT ble 1/11: init del stack Bluetooth"
,,,,,,,,"1s BLE init: bleEnabled=true, arrancando Bluetooth"
,,,,,,,,"1s EVT ble 2/11: Bluefruit.begin()"
,,,,,,,,"1s EVT boot v0.3.0-dev mode=2"
,,,,,,,,"1s EVT mode=2 log=on"
,,,,,,,,"1s EVT ble 1/11: init del stack Bluetooth"
,,,,,,,,"1s BLE init: bleEnabled=true, arrancando Bluetooth"
,,,,,,,,"1s EVT ble 2/11: Bluefruit.begin()"
,,,,,,,,"1s EVT boot v0.3.0-dev mode=2"
,,,,,,,,"1s EVT mode=2 log=on"
,,,,,,,,"1s EVT ble 1/11: init del stack Bluetooth"
,,,,,,,,"1s BLE init: bleEnabled=true, arrancando Bluetooth"
,,,,,,,,"1s EVT ble 2/11: Bluefruit.begin()"
,,,,,,,,"1s EVT boot v0.3.0-dev mode=2"
,,,,,,,,"1s EVT mode=2 log=on"
,,,,,,,,"1s EVT ble 1/11: init del stack Bluetooth"
,,,,,,,,"1s BLE init: bleEnabled=true, arrancando Bluetooth"
,,,,,,,,"1s EVT ble 2/11: Bluefruit.begin()"
,,,,,,,,"1s EVT boot v0.3.0-dev mode=2"
,,,,,,,,"1s EVT mode=2 log=on"
,,,,,,,,"1s EVT ble 1/11: init del stack Bluetooth"
,,,,,,,,"1s BLE init: bleEnabled=true, arrancando Bluetooth"
,,,,,,,,"1s EVT ble 2/11: Bluefruit.begin()"
,,,,,,,,"1s EVT boot v0.3.0-dev mode=2"
,,,,,,,,"1s EVT mode=2 log=on"
,,,,,,,,"1s EVT ble 1/11: init del stack Bluetooth"
,,,,,,,,"1s BLE init: bleEnabled=true, arrancando Bluetooth"
,,,,,,,,"1s EVT ble 2/11: Bluefruit.begin()"
,,,,,,,,"1s EVT boot v0.3.0-dev mode=2"
,,,,,,,,"1s EVT mode=2 log=on"
,,,,,,,,"1s EVT ble 1/11: init del stack Bluetooth"
,,,,,,,,"1s BLE init: bleEnabled=true, arrancando Bluetooth"
,,,,,,,,"1s EVT ble 2/11: Bluefruit.begin()"
,,,,,,,,"1s EVT boot v0.3.0-dev mode=2"
,,,,,,,,"1s EVT mode=2 log=on"
,,,,,,,,"1s EVT ble 1/11: init del stack Bluetooth"
,,,,,,,,"1s BLE init: bleEnabled=true, arrancando Bluetooth"
,,,,,,,,"1s EVT ble 2/11: Bluefruit.begin()"
,,,,,,,,"1s EVT boot v0.3.0-dev mode=2"
,,,,,,,,"1s EVT mode=2 log=on"
,,,,,,,,"1s EVT ble 1/11: init del stack Bluetooth"
,,,,,,,,"1s BLE init: bleEnabled=true, arrancando Bluetooth"
,,,,,,,,"1s EVT ble 2/11: Bluefruit.begin()"
,,,,,,,,"1s EVT boot v0.3.0-dev mode=2"
,,,,,,,,"1s EVT mode=2 log=on"
,,,,,,,,"1s EVT ble 1/11: init del stack Bluetooth"
,,,,,,,,"1s BLE init: bleEnabled=true, arrancando Bluetooth"
,,,,,,,,"1s EVT ble 2/11: Bluefruit.begin()"
,,,,,,,,"1s EVT boot v0.3.0-dev mode=2"
,,,,,,,,"1s EVT mode=2 log=on"
,,,,,,,,"1s EVT ble 1/11: init del stack Bluetooth"
,,,,,,,,"1s BLE init: bleEnabled=true, arrancando Bluetooth"
,,,,,,,,"1s EVT ble 2/11: Bluefruit.begin()"
,,,,,,,,"1s EVT boot v0.3.0-dev mode=2"
,,,,,,,,"1s EVT mode=2 log=on"
,,,,,,,,"1s EVT ble 1/11: init del stack Bluetooth"
,,,,,,,,"1s BLE init: bleEnabled=true, arrancando Bluetooth"
,,,,,,,,"1s EVT ble 2/11: Bluefruit.begin()"
,,,,,,,,"1s EVT boot v0.3.0-dev mode=2"
,,,,,,,,"1s EVT mode=2 log=on"
,,,,,,,,"1s EVT ble 1/11: init del stack Bluetooth"
,,,,,,,,"1s BLE init: bleEnabled=true, arrancando Bluetooth"
,,,,,,,,"1s EVT ble 2/11: Bluefruit.begin()"
,,,,,,,,"1s EVT boot v0.3.0-dev mode=2"
,,,,,,,,"1s EVT mode=2 log=on"
,,,,,,,,"1s EVT ble 1/11: init del stack Bluetooth"
,,,,,,,,"1s BLE init: bleEnabled=true, arrancando Bluetooth"
,,,,,,,,"1s EVT ble 2/11: Bluefruit.begin()"
,,,,,,,,"1s EVT boot v0.3.0-dev mode=2"
,,,,,,,,"1s EVT mode=2 log=on"
,,,,,,,,"1s EVT ble 1/11: init del stack Bluetooth"
,,,,,,,,"1s BLE init: bleEnabled=true, arrancando Bluetooth"
,,,,,,,,"1s EVT ble 2/11: Bluefruit.begin()"
,,,,,,,,"1s EVT boot v0.3.0-dev mode=2"
,,,,,,,,"1s EVT mode=2 log=on"
,,,,,,,,"1s EVT ble 1/11: init del stack Bluetooth"
,,,,,,,,"1s BLE init: bleEnabled=true, arrancando Bluetooth"
,,,,,,,,"1s EVT ble 2/11: Bluefruit.begin()"
,,,,,,,,"1s EVT boot v0.3.0-dev mode=2"
,,,,,,,,"1s EVT mode=2 log=on"
,,,,,,,,"1s EVT ble 1/11: init del stack Bluetooth"
,,,,,,,,"1s BLE init: bleEnabled=true, arrancando Bluetooth"
,,,,,,,,"1s EVT ble 2/11: Bluefruit.begin()"
,,,,,,,,"1s EVT boot v0.3.0-dev mode=2"
,,,,,,,,"1s EVT mode=2 log=on"
,,,,,,,,"1s EVT ble 1/11: init del stack Bluetooth"
,,,,,,,,"1s BLE init: bleEnabled=true, arrancando Bluetooth"
,,,,,,,,"1s EVT ble 2/11: Bluefruit.begin()"
,,,,,,,,"1s EVT boot v0.3.0-dev mode=2"
,,,,,,,,"1s EVT mode=2 log=on"
,,,,,,,,"1s EVT ble 1/11: init del stack Bluetooth"
,,,,,,,,"1s BLE init: bleEnabled=true, arrancando Bluetooth"
,,,,,,,,"1s EVT ble 2/11: Bluefruit.begin()"
,,,,,,,,"1s EVT boot v0.3.0-dev mode=2"
,,,,,,,,"1s EVT mode=2 log=on"
,,,,,,,,"1s EVT ble 1/11: init del stack Bluetooth"
,,,,,,,,"1s BLE init: bleEnabled=true, arrancando Bluetooth"
,,,,,,,,"1s EVT ble 2/11: Bluefruit.begin()"
,,,,,,,,"1s EVT boot v0.3.0-dev mode=2"
,,,,,,,,"1s EVT mode=2 log=on"
,,,,,,,,"1s EVT ble 1/11: init del stack Bluetooth"
,,,,,,,,"1s BLE init: bleEnabled=true, arrancando Bluetooth"
,,,,,,,,"1s EVT ble 2/11: Bluefruit.begin()"
,,,,,,,,"1s EVT boot v0.3.0-dev mode=2"
,,,,,,,,"1s EVT mode=2 log=on"
,,,,,,,,"1s EVT ble 1/11: init del stack Bluetooth"
,,,,,,,,"1s BLE init: bleEnabled=true, arrancando Bluetooth"
,,,,,,,,"1s EVT ble 2/11: Bluefruit.begin()"
,,,,,,,,"1s EVT boot v0.3.0-dev mode=2"
,,,,,,,,"1s EVT mode=2 log=on"
,,,,,,,,"1s EVT ble 1/11: init del stack Bluetooth"
,,,,,,,,"1s BLE init: bleEnabled=true, arrancando Bluetooth"
,,,,,,,,"1s EVT ble 2/11: Bluefruit.begin()"
,,,,,,,,"1s EVT boot v0.3.0-dev mode=2"
,,,,,,,,"1s EVT mode=2 log=on"
,,,,,,,,"1s EVT ble 1/11: init del stack Bluetooth"
,,,,,,,,"1s BLE init: bleEnabled=true, arrancando Bluetooth"
,,,,,,,,"1s EVT ble 2/11: Bluefruit.begin()"
,,,,,,,,"1s EVT boot v0.3.0-dev mode=2"
,,,,,,,,"1s EVT mode=2 log=on"
,,,,,,,,"1s EVT ble 1/11: init del stack Bluetooth"
,,,,,,,,"1s BLE init: bleEnabled=true, arrancando Bluetooth"
,,,,,,,,"1s EVT ble 2/11: Bluefruit.begin()"
,,,,,,,,"1s EVT boot v0.3.0-dev mode=2"
,,,,,,,,"1s EVT mode=2 log=on"
,,,,,,,,"1s EVT ble 1/11: init del stack Bluetooth"
,,,,,,,,"1s BLE init: bleEnabled=true, arrancando Bluetooth"
,,,,,,,,"1s EVT ble 2/11: Bluefruit.begin()"
,,,,,,,,"1s EVT boot v0.3.0-dev mode=2"
,,,,,,,,"1s EVT mode=2 log=on"
,,,,,,,,"1s EVT ble 1/11: init del stack Bluetooth"
,,,,,,,,"1s BLE init: bleEnabled=true, arrancando Bluetooth"
,,,,,,,,"1s EVT ble 2/11: Bluefruit.begin()"
,,,,,,,,"1s EVT boot v0.3.0-dev mode=2"
,,,,,,,,"1s EVT mode=2 log=on"
,,,,,,,,"1s EVT ble 1/11: init del stack Bluetooth"
,,,,,,,,"1s BLE init: bleEnabled=true, arrancando Bluetooth"
,,,,,,,,"1s EVT ble 2/11: Bluefruit.begin()"
,,,,,,,,"1s EVT boot v0.3.0-dev mode=2"
,,,,,,,,"1s EVT mode=2 log=on"
,,,,,,,,"1s EVT ble 1/11: init del stack Bluetooth"
,,,,,,,,"1s BLE init: bleEnabled=true, arrancando Bluetooth"
,,,,,,,,"1s EVT ble 2/11: Bluefruit.begin()"
,,,,,,,,"1s EVT boot v0.3.0-dev mode=2"
,,,,,,,,"1s EVT mode=2 log=on"
,,,,,,,,"1s EVT ble 1/11: init del stack Bluetooth"
,,,,,,,,"1s BLE init: bleEnabled=true, arrancando Bluetooth"
,,,,,,,,"1s EVT ble 2/11: Bluefruit.begin()"
,,,,,,,,"1s EVT boot v0.3.0-dev mode=2"
,,,,,,,,"1s EVT mode=2 log=on"
,,,,,,,,"1s EVT ble 1/11: init del stack Bluetooth"
,,,,,,,,"1s BLE init: bleEnabled=true, arrancando Bluetooth"
,,,,,,,,"1s EVT ble 2/11: Bluefruit.begin()"
,,,,,,,,"1s EVT boot v0.3.0-dev mode=2"
,,,,,,,,"1s EVT mode=2 log=on"
,,,,,,,,"1s EVT ble 1/11: init del stack Bluetooth"
,,,,,,,,"1s BLE init: bleEnabled=true, arrancando Bluetooth"
,,,,,,,,"1s EVT ble 2/11: Bluefruit.begin()"
,,,,,,,,"1s EVT boot v0.3.0-dev mode=2"
,,,,,,,,"1s EVT mode=2 log=on"
,,,,,,,,"1s EVT ble 1/11: init del stack Bluetooth"
,,,,,,,,"1s BLE init: bleEnabled=true, arrancando Bluetooth"
,,,,,,,,"1s EVT ble 2/11: Bluefruit.begin()"
,,,,,,,,"1s EVT boot v0.3.0-dev mode=2"
,,,,,,,,"1s EVT mode=2 log=on"
,,,,,,,,"1s EVT ble 1/11: init del stack Bluetooth"
,,,,,,,,"1s BLE init: bleEnabled=true, arrancando Bluetooth"
,,,,,,,,"1s EVT ble 2/11: Bluefruit.begin()"
,,,,,,,,"1s EVT boot v0.3.0-dev mode=2"
,,,,,,,,"1s EVT mode=2 log=on"
,,,,,,,,"1s EVT ble 1/11: init del stack Bluetooth"
,,,,,,,,"1s BLE init: bleEnabled=true, arrancando Bluetooth"
,,,,,,,,"1s EVT ble 2/11: Bluefruit.begin()"
,,,,,,,,"1s EVT boot v0.3.0-dev mode=2"
,,,,,,,,"1s EVT mode=2 log=on"
,,,,,,,,"1s EVT ble 1/11: init del stack Bluetooth"
,,,,,,,,"1s BLE init: bleEnabled=true, arrancando Bluetooth"
,,,,,,,,"1s EVT ble 2/11: Bluefruit.begin()"
,,,,,,,,"1s EVT boot v0.3.0-dev mode=2"
,,,,,,,,"1s EVT mode=2 log=on"
,,,,,,,,"1s EVT ble 1/11: init del stack Bluetooth"
,,,,,,,,"1s BLE init: bleEnabled=true, arrancando Bluetooth"
,,,,,,,,"1s EVT ble 2/11: Bluefruit.begin()"
,,,,,,,,"1s EVT boot v0.3.0-dev mode=2"
,,,,,,,,"1s EVT mode=2 log=on"
,,,,,,,,"1s EVT ble 1/11: init del stack Bluetooth"
,,,,,,,,"1s BLE init: bleEnabled=true, arrancando Bluetooth"
,,,,,,,,"1s EVT ble 2/11: Bluefruit.begin()"
,,,,,,,,"1s EVT boot v0.3.0-dev mode=2"
,,,,,,,,"1s EVT mode=2 log=on"
,,,,,,,,"1s EVT ble 1/11: init del stack Bluetooth"
,,,,,,,,"1s BLE init: bleEnabled=true, arrancando Bluetooth"
,,,,,,,,"1s EVT ble 2/11: Bluefruit.begin()"
,,,,,,,,"1s EVT boot v0.3.0-dev mode=2"
,,,,,,,,"1s EVT mode=2 log=on"
,,,,,,,,"1s EVT ble 1/11: init del stack Bluetooth"
,,,,,,,,"1s BLE init: bleEnabled=true, arrancando Bluetooth"
,,,,,,,,"1s EVT ble 2/11: Bluefruit.begin()"
,,,,,,,,"1s EVT boot v0.3.0-dev mode=2"
,,,,,,,,"1s EVT mode=2 log=on"
,,,,,,,,"1s EVT ble 1/11: init del stack Bluetooth"
,,,,,,,,"1s BLE init: bleEnabled=true, arrancando Bluetooth"
,,,,,,,,"1s EVT ble 2/11: Bluefruit.begin()"
,,,,,,,,"1s EVT boot v0.3.0-dev mode=2"
,,,,,,,,"1s EVT mode=2 log=on"
,,,,,,,,"1s EVT ble 1/11: init del stack Bluetooth"
,,,,,,,,"1s BLE init: bleEnabled=true, arrancando Bluetooth"
,,,,,,,,"1s EVT ble 2/11: Bluefruit.begin()"
,,,,,,,,"1s EVT boot v0.3.0-dev mode=2"
,,,,,,,,"1s EVT mode=2 log=on"
,,,,,,,,"1s EVT ble 1/11: init del stack Bluetooth"
,,,,,,,,"1s BLE init: bleEnabled=true, arrancando Bluetooth"
,,,,,,,,"1s EVT ble 2/11: Bluefruit.begin()"
,,,,,,,,"1s EVT boot v0.3.0-dev mode=2"
,,,,,,,,"1s EVT mode=2 log=on"
,,,,,,,,"1s EVT ble 1/11: init del stack Bluetooth"
,,,,,,,,"1s BLE init: bleEnabled=true, arrancando Bluetooth"
,,,,,,,,"1s EVT ble 2/11: Bluefruit.begin()"
,,,,,,,,"1s EVT boot v0.3.0-dev mode=2"
,,,,,,,,"1s EVT mode=2 log=on"
,,,,,,,,"1s EVT ble 1/11: init del stack Bluetooth"
,,,,,,,,"1s BLE init: bleEnabled=true, arrancando Bluetooth"
,,,,,,,,"1s EVT ble 2/11: Bluefruit.begin()"
,,,,,,,,"1s EVT boot v0.3.0-dev mode=2"
,,,,,,,,"1s EVT mode=2 log=on"
,,,,,,,,"1s EVT ble 1/11: init del stack Bluetooth"
,,,,,,,,"1s BLE init: bleEnabled=true, arrancando Bluetooth"
,,,,,,,,"1s EVT ble 2/11: Bluefruit.begin()"
,,,,,,,,"1s EVT boot v0.3.0-dev mode=2"
,,,,,,,,"1s EVT mode=2 log=on"
,,,,,,,,"1s EVT ble 1/11: init del stack Bluetooth"
,,,,,,,,"1s BLE init: bleEnabled=true, arrancando Bluetooth"
,,,,,,,,"1s EVT ble 2/11: Bluefruit.begin()"
,,,,,,,,"1s EVT boot v0.3.0-dev mode=2"
,,,,,,,,"1s EVT mode=2 log=on"
,,,,,,,,"1s EVT ble 1/11: init del stack Bluetooth"
,,,,,,,,"1s BLE init: bleEnabled=true, arrancando Bluetooth"
,,,,,,,,"1s EVT ble 2/11: Bluefruit.begin()"
,,,,,,,,"1s EVT boot v0.3.0-dev mode=2"
,,,,,,,,"1s EVT mode=2 log=on"
,,,,,,,,"1s EVT ble 1/11: init del stack Bluetooth"
,,,,,,,,"1s BLE init: bleEnabled=true, arrancando Bluetooth"
,,,,,,,,"1s EVT ble 2/11: Bluefruit.begin()"
,,,,,,,,"1s EVT boot v0.3.0-dev mode=2"
,,,,,,,,"1s EVT mode=2 log=on"
,,,,,,,,"1s EVT ble 1/11: init del stack Bluetooth"
,,,,,,,,"1s BLE init: bleEnabled=true, arrancando Bluetooth"
,,,,,,,,"1s EVT ble 2/11: Bluefruit.begin()"
,,,,,,,,"1s EVT boot v0.3.0-dev mode=2"
,,,,,,,,"1s EVT mode=2 log=on"
,,,,,,,,"1s EVT ble 1/11: init del stack Bluetooth"
,,,,,,,,"1s BLE init: bleEnabled=true, arrancando Bluetooth"
,,,,,,,,"1s EVT ble 2/11: Bluefruit.begin()"
,,,,,,,,"1s EVT boot v0.3.0-dev mode=2"
,,,,,,,,"1s EVT mode=2 log=on"
,,,,,,,,"1s EVT ble 1/11: init del stack Bluetooth"
,,,,,,,,"1s BLE init: bleEnabled=true, arrancando Bluetooth"
,,,,,,,,"1s EVT ble 2/11: Bluefruit.begin()"
,,,,,,,,"1s EVT boot v0.3.0-dev mode=2"
,,,,,,,,"1s EVT mode=2 log=on"
,,,,,,,,"1s EVT ble 1/11: init del stack Bluetooth"
,,,,,,,,"1s BLE init: bleEnabled=true, arrancando Bluetooth"
,,,,,,,,"1s EVT ble 2/11: Bluefruit.begin()"
,,,,,,,,"1s EVT boot v0.3.0-dev mode=2"
,,,,,,,,"1s EVT mode=2 log=on"
,,,,,,,,"1s EVT ble 1/11: init del stack Bluetooth"
,,,,,,,,"1s BLE init: bleEnabled=true, arrancando Bluetooth"
,,,,,,,,"1s EVT ble 2/11: Bluefruit.begin()"
,,,,,,,,"1s EVT boot v0.3.0-dev mode=2"
,,,,,,,,"1s EVT mode=2 log=on"
,,,,,,,,"1s EVT ble 1/11: init del stack Bluetooth"
,,,,,,,,"1s BLE init: bleEnabled=true, arrancando Bluetooth"
,,,,,,,,"1s EVT ble 2/11: Bluefruit.begin()"
,,,,,,,,"1s EVT boot v0.3.0-dev mode=2"
,,,,,,,,"1s EVT mode=2 log=on"
,,,,,,,,"1s EVT ble 1/11: init del stack Bluetooth"
,,,,,,,,"1s BLE init: bleEnabled=true, arrancando Bluetooth"
,,,,,,,,"1s EVT ble 2/11: Bluefruit.begin()"
,,,,,,,,"1s EVT boot v0.3.0-dev mode=2"
,,,,,,,,"1s EVT mode=2 log=on"
,,,,,,,,"1s EVT ble 1/11: init del stack Bluetooth"
,,,,,,,,"1s BLE init: bleEnabled=true, arrancando Bluetooth"
,,,,,,,,"1s EVT ble 2/11: Bluefruit.begin()"
,,,,,,,,"1s EVT boot v0.3.0-dev mode=2"
,,,,,,,,"1s EVT mode=2 log=on"
,,,,,,,,"1s EVT ble 1/11: init del stack Bluetooth"
,,,,,,,,"1s BLE init: bleEnabled=true, arrancando Bluetooth"
,,,,,,,,"1s EVT ble 2/11: Bluefruit.begin()"
,,,,,,,,"1s EVT boot v0.3.0-dev mode=2"
,,,,,,,,"1s EVT mode=2 log=on"
,,,,,,,,"1s EVT ble 1/11: init del stack Bluetooth"
,,,,,,,,"1s BLE init: bleEnabled=true, arrancando Bluetooth"
,,,,,,,,"1s EVT ble 2/11: Bluefruit.begin()"
,,,,,,,,"1s EVT boot v0.3.0-dev mode=2"
,,,,,,,,"1s EVT mode=2 log=on"
,,,,,,,,"1s EVT ble 1/11: init del stack Bluetooth"
,,,,,,,,"1s BLE init: bleEnabled=true, arrancando Bluetooth"
,,,,,,,,"1s EVT ble 2/11: Bluefruit.begin()"
,,,,,,,,"1s EVT boot v0.3.0-dev mode=2"
,,,,,,,,"1s EVT mode=2 log=on"
,,,,,,,,"1s EVT ble 1/11: init del stack Bluetooth"
,,,,,,,,"1s BLE init: bleEnabled=true, arrancando Bluetooth"
,,,,,,,,"1s EVT ble 2/11: Bluefruit.begin()"
,,,,,,,,"1s EVT boot v0.3.0-dev mode=2"
,,,,,,,,"1s EVT mode=2 log=on"
,,,,,,,,"1s EVT ble 1/11: init del stack Bluetooth"
,,,,,,,,"1s BLE init: bleEnabled=true, arrancando Bluetooth"
,,,,,,,,"1s EVT ble 2/11: Bluefruit.begin()"
,,,,,,,,"1s EVT boot v0.3.0-dev mode=2"
,,,,,,,,"1s EVT mode=2 log=on"
,,,,,,,,"1s EVT ble 1/11: init del stack Bluetooth"
,,,,,,,,"1s BLE init: bleEnabled=true, arrancando Bluetooth"
,,,,,,,,"1s EVT ble 2/11: Bluefruit.begin()"
,,,,,,,,"1s EVT boot v0.3.0-dev mode=2"
,,,,,,,,"1s EVT mode=2 log=on"
,,,,,,,,"1s EVT ble 1/11: init del stack Bluetooth"
,,,,,,,,"1s BLE init: bleEnabled=true, arrancando Bluetooth"
,,,,,,,,"1s EVT ble 2/11: Bluefruit.begin()"
,,,,,,,,"1s EVT boot v0.3.0-dev mode=2"
,,,,,,,,"1s EVT mode=2 log=on"
,,,,,,,,"1s EVT ble 1/11: init del stack Bluetooth"
,,,,,,,,"1s BLE init: bleEnabled=true, arrancando Bluetooth"
,,,,,,,,"1s EVT ble 2/11: Bluefruit.begin()"
,,,,,,,,"1s EVT boot v0.3.0-dev mode=2"
,,,,,,,,"1s EVT mode=2 log=on"
,,,,,,,,"1s EVT ble 1/11: init del stack Bluetooth"
,,,,,,,,"1s BLE init: bleEnabled=true, arrancando Bluetooth"
,,,,,,,,"1s EVT ble 2/11: Bluefruit.begin()"
,,,,,,,,"1s EVT boot v0.3.0-dev mode=2"
,,,,,,,,"1s EVT mode=2 log=on"
,,,,,,,,"1s EVT ble 1/11: init del stack Bluetooth"
,,,,,,,,"1s BLE init: bleEnabled=true, arrancando Bluetooth"
,,,,,,,,"1s EVT ble 2/11: Bluefruit.begin()"
,,,,,,,,"1s EVT boot v0.3.0-dev mode=2"
,,,,,,,,"1s EVT mode=2 log=on"
,,,,,,,,"1s EVT ble 1/11: init del stack Bluetooth"
,,,,,,,,"1s BLE init: bleEnabled=true, arrancando Bluetooth"
,,,,,,,,"1s EVT ble 2/11: Bluefruit.begin()"
,,,,,,,,"1s EVT boot v0.3.0-dev mode=2"
,,,,,,,,"1s EVT mode=2 log=on"
,,,,,,,,"1s EVT ble 1/11: init del stack Bluetooth"
,,,,,,,,"1s BLE init: bleEnabled=true, arrancando Bluetooth"
,,,,,,,,"1s EVT ble 2/11: Bluefruit.begin()"
,,,,,,,,"1s EVT boot v0.3.0-dev mode=2"
,,,,,,,,"1s EVT mode=2 log=on"
,,,,,,,,"1s EVT ble 1/11: init del stack Bluetooth"
,,,,,,,,"1s BLE init: bleEnabled=true, arrancando Bluetooth"
,,,,,,,,"1s EVT ble 2/11: Bluefruit.begin()"
,,,,,,,,"1s EVT boot v0.3.0-dev mode=2"
,,,,,,,,"1s EVT mode=2 log=on"
,,,,,,,,"1s EVT ble 1/11: init del stack Bluetooth"
,,,,,,,,"1s BLE init: bleEnabled=true, arrancando Bluetooth"
,,,,,,,,"1s EVT ble 2/11: Bluefruit.begin()"
,,,,,,,,"1s EVT boot v0.3.0-dev mode=2"
,,,,,,,,"1s EVT mode=2 log=on"
,,,,,,,,"1s EVT ble 1/11: init del stack Bluetooth"
,,,,,,,,"1s BLE init: bleEnabled=true, arrancando Bluetooth"
,,,,,,,,"1s EVT ble 2/11: Bluefruit.begin()"
,,,,,,,,"1s EVT boot v0.3.0-dev mode=2"
,,,,,,,,"1s EVT mode=2 log=on"
,,,,,,,,"1s EVT ble 1/11: init del stack Bluetooth"
,,,,,,,,"1s BLE init: bleEnabled=true, arrancando Bluetooth"
,,,,,,,,"1s EVT ble 2/11: Bluefruit.begin()"
,,,,,,,,"1s EVT boot v0.3.0-dev mode=2"
,,,,,,,,"1s EVT mode=2 log=on"
,,,,,,,,"1s EVT ble 1/11: init del stack Bluetooth"
,,,,,,,,"1s BLE init: bleEnabled=true, arrancando Bluetooth"
,,,,,,,,"1s EVT ble 2/11: Bluefruit.begin()"
,,,,,,,,"1s EVT boot v0.3.0-dev mode=2"
,,,,,,,,"1s EVT mode=2 log=on"
,,,,,,,,"1s EVT ble 1/11: init del stack Bluetooth"
,,,,,,,,"1s BLE init: bleEnabled=true, arrancando Bluetooth"
,,,,,,,,"1s EVT ble 2/11: Bluefruit.begin()"
,,,,,,,,"1s EVT boot v0.3.0-dev mode=2"
,,,,,,,,"1s EVT mode=2 log=on"
,,,,,,,,"1s EVT ble 1/11: init del stack Bluetooth"
,,,,,,,,"1s BLE init: bleEnabled=true, arrancando Bluetooth"
,,,,,,,,"1s EVT ble 2/11: Bluefruit.begin()"
,,,,,,,,"1s EVT boot v0.3.0-dev mode=2"
,,,,,,,,"1s EVT mode=2 log=on"
,,,,,,,,"1s EVT ble 1/11: init del stack Bluetooth"
,,,,,,,,"1s BLE init: bleEnabled=true, arrancando Bluetooth"
,,,,,,,,"1s EVT ble 2/11: Bluefruit.begin()"
,,,,,,,,"1s EVT boot v0.3.0-dev mode=2"
,,,,,,,,"1s EVT mode=2 log=on"
,,,,,,,,"1s EVT ble 1/11: init del stack Bluetooth"
,,,,,,,,"1s BLE init: bleEnabled=true, arrancando Bluetooth"
,,,,,,,,"1s EVT ble 2/11: Bluefruit.begin()"
,,,,,,,,"1s EVT boot v0.3.0-dev mode=2"
,,,,,,,,"1s EVT mode=2 log=on"
,,,,,,,,"1s EVT ble 1/11: init del stack Bluetooth"
,,,,,,,,"1s BLE init: bleEnabled=true, arrancando Bluetooth"
,,,,,,,,"1s EVT ble 2/11: Bluefruit.begin()"
,,,,,,,,"1s EVT boot v0.3.0-dev mode=2"
,,,,,,,,"1s EVT mode=2 log=on"
,,,,,,,,"1s EVT ble 1/11: init del stack Bluetooth"
,,,,,,,,"1s BLE init: bleEnabled=true, arrancando Bluetooth"
,,,,,,,,"1s EVT ble 2/11: Bluefruit.begin()"
,,,,,,,,"1s EVT boot v0.3.0-dev mode=2"
,,,,,,,,"1s EVT mode=2 log=on"
,,,,,,,,"1s EVT ble 1/11: init del stack Bluetooth"
,,,,,,,,"1s BLE init: bleEnabled=true, arrancando Bluetooth"
,,,,,,,,"1s EVT ble 2/11: Bluefruit.begin()"
,,,,,,,,"1s EVT boot v0.3.0-dev mode=2"
,,,,,,,,"1s EVT mode=2 log=on"
,,,,,,,,"1s EVT ble 1/11: init del stack Bluetooth"
,,,,,,,,"1s BLE init: bleEnabled=true, arrancando Bluetooth"
,,,,,,,,"1s EVT ble 2/11: Bluefruit.begin()"
,,,,,,,,"1s EVT boot v0.3.0-dev mode=2"
,,,,,,,,"1s EVT mode=2 log=on"
,,,,,,,,"1s EVT ble 1/11: init del stack Bluetooth"
,,,,,,,,"1s BLE init: bleEnabled=true, arrancando Bluetooth"
,,,,,,,,"1s EVT ble 2/11: Bluefruit.begin()"
,,,,,,,,"1s EVT boot v0.3.0-dev mode=2"
,,,,,,,,"1s EVT mode=2 log=on"
,,,,,,,,"1s EVT ble 1/11: init del stack Bluetooth"
,,,,,,,,"1s BLE init: bleEnabled=true, arrancando Bluetooth"
,,,,,,,,"1s EVT ble 2/11: Bluefruit.begin()"
,,,,,,,,"1s EVT boot v0.3.0-dev mode=2"
,,,,,,,,"1s EVT mode=2 log=on"
,,,,,,,,"1s EVT ble 1/11: init del stack Bluetooth"
,,,,,,,,"1s BLE init: bleEnabled=true, arrancando Bluetooth"
,,,,,,,,"1s EVT ble 2/11: Bluefruit.begin()"
,,,,,,,,"1s EVT boot v0.3.0-dev mode=2"
,,,,,,,,"1s EVT mode=2 log=on"
,,,,,,,,"1s EVT ble 1/11: init del stack Bluetooth"
,,,,,,,,"1s BLE init: bleEnabled=true, arrancando Bluetooth"
,,,,,,,,"1s EVT ble 2/11: Bluefruit.begin()"
,,,,,,,,"1s EVT boot v0.3.0-dev mode=2"
,,,,,,,,"1s EVT mode=2 log=on"
,,,,,,,,"1s EVT ble 1/11: init del stack Bluetooth"
,,,,,,,,"1s BLE init: bleEnabled=true, arrancando Bluetooth"
,,,,,,,,"1s EVT ble 2/11: Bluefruit.begin()"
,,,,,,,,"1s EVT boot v0.3.0-dev mode=2"
,,,,,,,,"1s EVT mode=2 log=on"
,,,,,,,,"1s EVT ble 1/11: init del stack Bluetooth"
,,,,,,,,"1s BLE init: bleEnabled=true, arrancando Bluetooth"
,,,,,,,,"1s EVT ble 2/11: Bluefruit.begin()"
,,,,,,,,"1s EVT boot v0.3.0-dev mode=2"
,,,,,,,,"1s EVT mode=2 log=on"
,,,,,,,,"1s EVT ble 1/11: init del stack Bluetooth"
,,,,,,,,"1s BLE init: bleEnabled=true, arrancando Bluetooth"
,,,,,,,,"1s EVT ble 2/11: Bluefruit.begin()"
,,,,,,,,"1s EVT boot v0.3.0-dev mode=2"
,,,,,,,,"1s EVT mode=2 log=on"
,,,,,,,,"1s EVT ble 1/11: init del stack Bluetooth"
,,,,,,,,"1s BLE init: bleEnabled=true, arrancando Bluetooth"
,,,,,,,,"1s EVT ble 2/11: Bluefruit.begin()"
,,,,,,,,"1s EVT boot v0.3.0-dev mode=2"
,,,,,,,,"1s EVT mode=2 log=on"
,,,,,,,,"1s EVT ble 1/11: init del stack Bluetooth"
,,,,,,,,"1s BLE init: bleEnabled=true, arrancando Bluetooth"
,,,,,,,,"1s EVT ble 2/11: Bluefruit.begin()"
,,,,,,,,"1s EVT boot v0.3.0-dev mode=2"
,,,,,,,,"1s EVT mode=2 log=on"
,,,,,,,,"1s EVT ble 1/11: init del stack Bluetooth"
,,,,,,,,"1s BLE init: bleEnabled=true, arrancando Bluetooth"
,,,,,,,,"1s EVT ble 2/11: Bluefruit.begin()"
,,,,,,,,"1s EVT boot v0.3.0-dev mode=2"
,,,,,,,,"1s EVT mode=2 log=on"
,,,,,,,,"1s EVT ble 1/11: init del stack Bluetooth"
,,,,,,,,"1s BLE init: bleEnabled=true, arrancando Bluetooth"
,,,,,,,,"1s EVT ble 2/11: Bluefruit.begin()"
,,,,,,,,"1s EVT boot v0.3.0-dev mode=2"
,,,,,,,,"1s EVT mode=2 log=on"
,,,,,,,,"1s EVT ble 1/11: init del stack Bluetooth"
,,,,,,,,"1s BLE init: bleEnabled=true, arrancando Bluetooth"
,,,,,,,,"1s EVT ble 2/11: Bluefruit.begin()"
,,,,,,,,"1s EVT boot v0.3.0-dev mode=2"
,,,,,,,,"1s EVT mode=2 log=on"
,,,,,,,,"1s EVT ble 1/11: init del stack Bluetooth"
,,,,,,,,"1s BLE init: bleEnabled=true, arrancando Bluetooth"
,,,,,,,,"1s EVT ble 2/11: Bluefruit.begin()"
,,,,,,,,"1s EVT boot v0.3.0-dev mode=2"
,,,,,,,,"1s EVT mode=2 log=on"
,,,,,,,,"1s EVT ble 1/11: init del stack Bluetooth"
,,,,,,,,"1s BLE init: bleEnabled=true, arrancando Bluetooth"
,,,,,,,,"1s EVT ble 2/11: Bluefruit.begin()"
,,,,,,,,"1s EVT boot v0.3.0-dev mode=2"
,,,,,,,,"1s EVT mode=2 log=on"
,,,,,,,,"1s EVT ble 1/11: init del stack Bluetooth"
,,,,,,,,"1s BLE init: bleEnabled=true, arrancando Bluetooth"
,,,,,,,,"1s EVT ble 2/11: Bluefruit.begin()"
,,,,,,,,"1s EVT boot v0.3.0-dev mode=2"
,,,,,,,,"1s EVT mode=2 log=on"
,,,,,,,,"1s EVT ble 1/11: init del stack Bluetooth"
,,,,,,,,"1s BLE init: bleEnabled=true, arrancando Bluetooth"
,,,,,,,,"1s EVT ble 2/11: Bluefruit.begin()"
,,,,,,,,"1s EVT boot v0.3.0-dev mode=2"
,,,,,,,,"1s EVT mode=2 log=on"
,,,,,,,,"1s EVT ble 1/11: init del stack Bluetooth"
,,,,,,,,"1s BLE init: bleEnabled=true, arrancando Bluetooth"
,,,,,,,,"1s EVT ble 2/11: Bluefruit.begin()"
,,,,,,,,"1s EVT boot v0.3.0-dev mode=2"
,,,,,,,,"1s EVT mode=2 log=on"
,,,,,,,,"1s EVT ble 1/11: init del stack Bluetooth"
,,,,,,,,"1s BLE init: bleEnabled=true, arrancando Bluetooth"
,,,,,,,,"1s EVT ble 2/11: Bluefruit.begin()"
,,,,,,,,"1s EVT boot v0.3.0-dev mode=2"
,,,,,,,,"1s EVT mode=2 log=on"
,,,,,,,,"1s EVT ble 1/11: init del stack Bluetooth"
,,,,,,,,"1s BLE init: bleEnabled=true, arrancando Bluetooth"
,,,,,,,,"1s EVT ble 2/11: Bluefruit.begin()"
,,,,,,,,"1s EVT boot v0.3.0-dev mode=2"
,,,,,,,,"1s EVT mode=2 log=on"
,,,,,,,,"1s EVT ble 1/11: init del stack Bluetooth"
,,,,,,,,"1s BLE init: bleEnabled=true, arrancando Bluetooth"
,,,,,,,,"1s EVT ble 2/11: Bluefruit.begin()"
,,,,,,,,"1s EVT boot v0.3.0-dev mode=2"
,,,,,,,,"1s EVT mode=2 log=on"
,,,,,,,,"1s EVT ble 1/11: init del stack Bluetooth"
,,,,,,,,"1s BLE init: bleEnabled=true, arrancando Bluetooth"
,,,,,,,,"1s EVT ble 2/11: Bluefruit.begin()"
,,,,,,,,"1s EVT boot v0.3.0-dev mode=2"
,,,,,,,,"1s EVT mode=2 log=on"
,,,,,,,,"1s EVT ble 1/11: init del stack Bluetooth"
,,,,,,,,"1s BLE init: bleEnabled=true, arrancando Bluetooth"
,,,,,,,,"1s EVT ble 2/11: Bluefruit.begin()"
,,,,,,,,"1s EVT boot v0.3.0-dev mode=2"
,,,,,,,,"1s EVT mode=2 log=on"
,,,,,,,,"1s EVT ble 1/11: init del stack Bluetooth"
,,,,,,,,"1s BLE init: bleEnabled=true, arrancando Bluetooth"
,,,,,,,,"1s EVT ble 2/11: Bluefruit.begin()"
,,,,,,,,"1s EVT boot v0.3.0-dev mode=2"
,,,,,,,,"1s EVT mode=2 log=on"
,,,,,,,,"1s EVT ble 1/11: init del stack Bluetooth"
,,,,,,,,"1s BLE init: bleEnabled=true, arrancando Bluetooth"
,,,,,,,,"1s EVT ble 2/11: Bluefruit.begin()"
,,,,,,,,"1s EVT boot v0.3.0-dev mode=2"
,,,,,,,,"1s EVT mode=2 log=on"
,,,,,,,,"1s EVT ble 1/11: init del stack Bluetooth"
,,,,,,,,"1s BLE init: bleEnabled=true, arrancando Bluetooth"
,,,,,,,,"1s EVT ble 2/11: Bluefruit.begin()"
,,,,,,,,"1s EVT boot v0.3.0-dev mode=2"
,,,,,,,,"1s EVT mode=2 log=on"
,,,,,,,,"1s EVT ble 1/11: init del stack Bluetooth"
,,,,,,,,"1s BLE init: bleEnabled=true, arrancando Bluetooth"
,,,,,,,,"1s EVT ble 2/11: Bluefruit.begin()"
,,,,,,,,"1s EVT boot v0.3.0-dev mode=2"
,,,,,,,,"1s EVT mode=2 log=on"
,,,,,,,,"1s EVT ble 1/11: init del stack Bluetooth"
,,,,,,,,"1s BLE init: bleEnabled=true, arrancando Bluetooth"
,,,,,,,,"1s EVT ble 2/11: Bluefruit.begin()"
,,,,,,,,"1s EVT boot v0.3.0-dev mode=2"
,,,,,,,,"1s EVT mode=2 log=on"
,,,,,,,,"1s EVT ble 1/11: init del stack Bluetooth"
,,,,,,,,"1s BLE init: bleEnabled=true, arrancando Bluetooth"
,,,,,,,,"1s EVT ble 2/11: Bluefruit.begin()"
,,,,,,,,"1s EVT boot v0.3.0-dev mode=2"
,,,,,,,,"1s EVT mode=2 log=on"
,,,,,,,,"1s EVT ble 1/11: init del stack Bluetooth"
,,,,,,,,"1s BLE init: bleEnabled=true, arrancando Bluetooth"
,,,,,,,,"1s EVT ble 2/11: Bluefruit.begin()"
,,,,,,,,"1s EVT boot v0.3.0-dev mode=2"
,,,,,,,,"1s EVT mode=2 log=on"
,,,,,,,,"1s EVT ble 1/11: init del stack Bluetooth"
,,,,,,,,"1s BLE init: bleEnabled=true, arrancando Bluetooth"
,,,,,,,,"1s EVT ble 2/11: Bluefruit.begin()"
,,,,,,,,"1s EVT boot v0.3.0-dev mode=2"
,,,,,,,,"1s EVT mode=2 log=on"
,,,,,,,,"1s EVT ble 1/11: init del stack Bluetooth"
,,,,,,,,"1s BLE init: bleEnabled=true, arrancando Bluetooth"
,,,,,,,,"1s EVT ble 2/11: Bluefruit.begin()"
,,,,,,,,"1s EVT boot v0.3.0-dev mode=2"
,,,,,,,,"1s EVT mode=2 log=on"
,,,,,,,,"1s EVT ble 1/11: init del stack Bluetooth"
,,,,,,,,"1s BLE init: bleEnabled=true, arrancando Bluetooth"
,,,,,,,,"1s EVT ble 2/11: Bluefruit.begin()"
,,,,,,,,"1s EVT boot v0.3.0-dev mode=2"
,,,,,,,,"1s EVT mode=2 log=on"
,,,,,,,,"1s EVT ble 1/11: init del stack Bluetooth"
,,,,,,,,"1s BLE init: bleEnabled=true, arrancando Bluetooth"
,,,,,,,,"1s EVT ble 2/11: Bluefruit.begin()"
,,,,,,,,"1s EVT boot v0.3.0-dev mode=2"
,,,,,,,,"1s EVT mode=2 log=on"
,,,,,,,,"1s EVT ble 1/11: init del stack Bluetooth"
,,,,,,,,"1s BLE init: bleEnabled=true, arrancando Bluetooth"
,,,,,,,,"1s EVT ble 2/11: Bluefruit.begin()"
,,,,,,,,"1s EVT boot v0.3.0-dev mode=2"
,,,,,,,,"1s EVT mode=2 log=on"
,,,,,,,,"1s EVT ble 1/11: init del stack Bluetooth"
,,,,,,,,"1s BLE init: bleEnabled=true, arrancando Bluetooth"
,,,,,,,,"1s EVT ble 2/11: Bluefruit.begin()"
,,,,,,,,"1s EVT boot v0.3.0-dev mode=2"
,,,,,,,,"1s EVT mode=2 log=on"
,,,,,,,,"1s EVT ble 1/11: init del stack Bluetooth"
,,,,,,,,"1s BLE init: bleEnabled=true, arrancando Bluetooth"
,,,,,,,,"1s EVT ble 2/11: Bluefruit.begin()"
,,,,,,,,"1s EVT boot v0.3.0-dev mode=2"
,,,,,,,,"1s EVT boot v0.3.0-dev mode=2"
,,,,,,,,"1s EVT boot v0.3.0-dev mode=2"
,,,,,,,,"1s EVT boot v0.3.0-dev mode=2"
,,,,,,,,"1s EVT boot v0.3.0-dev mode=2"
,,,,,,,,"1s EVT boot v0.3.0-dev mode=2"
,,,,,,,,"1s EVT boot v0.3.0-dev mode=2"
,,,,,,,,"1s EVT boot v0.3.0-dev mode=2"
,,,,,,,,"1s EVT boot v0.3.0-dev mode=2"
,,,,,,,,"1s EVT boot v0.3.0-dev mode=2"
,,,,,,,,"1s EVT boot v0.3.0-dev mode=2"
,,,,,,,,"1s EVT boot v0.3.0-dev mode=2"
,,,,,,,,"1s EVT boot v0.3.0-dev mode=2"
,,,,,,,,"1s EVT boot v0.3.0-dev mode=2"
,,,,,,,,"1s EVT boot v0.3.0-dev mode=2"
,,,,,,,,"1s EVT boot v0.3.0-dev mode=2"
,,,,,,,,"1s EVT boot v0.3.0-dev mode=2"
,,,,,,,,"1s EVT boot v0.3.0-dev mode=2"
,,,,,,,,"1s EVT boot v0.3.0-dev mode=2"
,,,,,,,,"1s EVT boot v0.3.0-dev mode=2"
,,,,,,,,"1s EVT boot v0.3.0-dev mode=2"
,,,,,,,,"1s EVT boot v0.3.0-dev mode=2"
,,,,,,,,"1s EVT boot v0.3.0-dev mode=2"
,,,,,,,,"1s EVT boot v0.3.0-dev mode=2"
,,,,,,,,"1s EVT boot v0.3.0-dev mode=2"
,,,,,,,,"1s EVT boot v0.3.0-dev mode=2"
,,,,,,,,"1s EVT boot v0.3.0-dev mode=2"
,,,,,,,,"1s EVT boot v0.3.0-dev mode=2"
,,,,,,,,"1s EVT boot v0.3.0-dev mode=2"
,,,,,,,,"1s EVT boot v0.3.0-dev mode=2"
,,,,,,,,"1s EVT boot v0.3.0-dev mode=2"
,,,,,,,,"1s EVT boot v0.3.0-dev mode=2"
,,,,,,,,"1s EVT boot v0.3.0-dev mode=2"
,,,,,,,,"1s EVT boot v0.3.0-dev mode=2"
,,,,,,,,"1s EVT boot v0.3.0-dev mode=2"
,,,,,,,,"1s EVT boot v0.3.0-dev mode=2"
,,,,,,,,"1s EVT boot v0.3.0-dev mode=2"
,,,,,,,,"1s EVT boot v0.3.0-dev mode=2"
,,,,,,,,"1s EVT boot v0.3.0-dev mode=2"
,,,,,,,,"1s EVT boot v0.3.0-dev mode=2"
,,,,,,,,"1s EVT boot v0.3.0-dev mode=2"
,,,,,,,,"1s EVT boot v0.3.0-dev mode=2"
,,,,,,,,"1s EVT boot v0.3.0-dev mode=2"
,,,,,,,,"1s EVT boot v0.3.0-dev mode=2"
,,,,,,,,"1s EVT boot v0.3.0-dev mode=2"
,,,,,,,,"1s EVT boot v0.3.0-dev mode=2"
,,,,,,,,"1s EVT boot v0.3.0-dev mode=2"
,,,,,,,,"1s EVT boot v0.3.0-dev mode=2"
,,,,,,,,"1s EVT boot v0.3.0-dev mode=2"
,,,,,,,,"1s EVT boot v0.3.0-dev mode=2"
,,,,,,,,"1s EVT boot v0.3.0-dev mode=2"
,,,,,,,,"1s EVT boot v0.3.0-dev mode=2"
,,,,,,,,"1s EVT boot v0.3.0-dev mode=2"
,,,,,,,,"1s EVT boot v0.3.0-dev mode=2"
,,,,,,,,"1s EVT boot v0.3.0-dev mode=2"
,,,,,,,,"1s EVT boot v0.3.0-dev mode=2"
,,,,,,,,"1s EVT boot v0.3.0-dev mode=2"
,,,,,,,,"1s EVT boot v0.3.0-dev mode=2"
,,,,,,,,"1s EVT boot v0.3.0-dev mode=2"
,,,,,,,,"1s EVT boot v0.3.0-dev mode=2"
,,,,,,,,"1s EVT boot v0.3.0-dev mode=2"
,,,,,,,,"1s EVT boot v0.3.0-dev mode=2"
,,,,,,,,"1s EVT boot v0.3.0-dev mode=2"
,,,,,,,,"1s EVT boot v0.3.0-dev mode=2"
,,,,,,,,"1s EVT boot v0.3.0-dev mode=2"
,,,,,,,,"1s EVT boot v0.3.0-dev mode=2"
,,,,,,,,"1s EVT boot v0.3.0-dev mode=2"
,,,,,,,,"1s EVT boot v0.3.0-dev mode=2"
,,,,,,,,"1s EVT boot v0.3.0-dev mode=2"
,,,,,,,,"1s EVT boot v0.3.0-dev mode=2"
,,,,,,,,"1s EVT boot v0.3.0-dev mode=2"
,,,,,,,,"1s EVT boot v0.3.0-dev mode=2"
,,,,,,,,"1s EVT boot v0.3.0-dev mode=2"
,,,,,,,,"1s EVT boot v0.3.0-dev mode=2"
,,,,,,,,"1s EVT boot v0.3.0-dev mode=2"
,,,,,,,,"1s EVT boot v0.3.0-dev mode=2"
,,,,,,,,"1s EVT boot v0.3.0-dev mode=2"
,,,,,,,,"1s EVT boot v0.3.0-dev mode=2"
,,,,,,,,"1s EVT boot v0.3.0-dev mode=2"
,,,,,,,,"1s EVT boot v0.3.0-dev mode=2"
,,,,,,,,"1s EVT boot v0.3.0-dev mode=2"
,,,,,,,,"1s EVT boot v0.3.0-dev mode=2"
,,,,,,,,"1s EVT boot v0.3.0-dev mode=2"
,,,,,,,,"1s EVT boot v0.3.0-dev mode=2"
,,,,,,,,"1s EVT boot v0.3.0-dev mode=2"
,,,,,,,,"1s EVT boot v0.3.0-dev mode=2"
,,,,,,,,"1s EVT boot v0.3.0-dev mode=2"
,,,,,,,,"1s EVT boot v0.3.0-dev mode=2"
,,,,,,,,"1s EVT boot v0.3.0-dev mode=2"
,,,,,,,,"1s EVT boot v0.3.0-dev mode=2"
,,,,,,,,"1s EVT boot v0.3.0-dev mode=2"
,,,,,,,,"1s EVT boot v0.3.0-dev mode=2"
,,,,,,,,"1s EVT boot v0.3.0-dev mode=2"
,,,,,,,,"1s EVT boot v0.3.0-dev mode=2"
,,,,,,,,"1s EVT boot v0.3.0-dev mode=2"
,,,,,,,,"1s EVT boot v0.3.0-dev mode=2"
,,,,,,,,"1s EVT boot v0.3.0-dev mode=2"
,,,,,,,,"1s EVT boot v0.3.0-dev mode=2"
,,,,,,,,"1s EVT boot v0.3.0-dev mode=2"
,,,,,,,,"1s EVT boot v0.3.0-dev mode=2"
,,,,,,,,"1s EVT boot v0.3.0-dev mode=2"
,,,,,,,,"1s EVT boot v0.3.0-dev mode=2"
,,,,,,,,"1s EVT boot v0.3.0-dev mode=2"
,,,,,,,,"1s EVT boot v0.3.0-dev mode=2"
,,,,,,,,"1s EVT boot v0.3.0-dev mode=2"
,,,,,,,,"1s EVT boot v0.3.0-dev mode=2"
,,,,,,,,"1s EVT boot v0.3.0-dev mode=2"
,,,,,,,,"1s EVT boot v0.3.0-dev mode=2"
,,,,,,,,"1s EVT boot v0.3.0-dev mode=2"
,,,,,,,,"1s EVT boot v0.3.0-dev mode=2"
,,,,,,,,"1s EVT boot v0.3.0-dev mode=2"
,,,,,,,,"1s EVT boot v0.3.0-dev mode=2"
,,,,,,,,"1s EVT boot v0.3.0-dev mode=2"
,,,,,,,,"1s EVT boot v0.3.0-dev mode=2"
,,,,,,,,"1s EVT boot v0.3.0-dev mode=2"
,,,,,,,,"1s EVT boot v0.3.0-dev mode=2"
,,,,,,,,"1s EVT boot v0.3.0-dev mode=2"
,,,,,,,,"1s EVT boot v0.3.0-dev mode=2"
,,,,,,,,"1s EVT boot v0.3.0-dev mode=2"
,,,,,,,,"1s EVT boot v0.3.0-dev mode=2"
,,,,,,,,"1s EVT boot v0.3.0-dev mode=2"
,,,,,,,,"1s EVT boot v0.3.0-dev mode=2"
,,,,,,,,"1s EVT boot v0.3.0-dev mode=2"
,,,,,,,,"1s EVT boot v0.3.0-dev mode=2"
,,,,,,,,"1s EVT boot v0.3.0-dev mode=2"
,,,,,,,,"1s EVT boot v0.3.0-dev mode=2"
,,,,,,,,"1s EVT boot v0.3.0-dev mode=2"
,,,,,,,,"1s EVT boot v0.3.0-dev mode=2"
,,,,,,,,"1s EVT boot v0.3.0-dev mode=2"
,,,,,,,,"1s EVT boot v0.3.0-dev mode=2"
,,,,,,,,"1s EVT boot v0.3.0-dev mode=2"
,,,,,,,,"1s EVT boot v0.3.0-dev mode=2"
,,,,,,,,"1s EVT boot v0.3.0-dev mode=2"
,,,,,,,,"1s EVT boot v0.3.0-dev mode=2"
,,,,,,,,"1s EVT boot v0.3.0-dev mode=2"
,,,,,,,,"1s EVT boot v0.3.0-dev mode=2"
,,,,,,,,"1s EVT boot v0.3.0-dev mode=2"
,,,,,,,,"1s EVT boot v0.3.0-dev mode=2"
,,,,,,,,"1s EVT boot v0.3.0-dev mode=2"
,,,,,,,,"1s EVT boot v0.3.0-dev mode=2"
,,,,,,,,"1s EVT boot v0.3.0-dev mode=2"
,,,,,,,,"1s EVT boot v0.3.0-dev mode=2"
,,,,,,,,"1s EVT boot v0.3.0-dev mode=2"
,,,,,,,,"1s EVT boot v0.3.0-dev mode=2"
,,,,,,,,"1s EVT boot v0.3.0-dev mode=2"
,,,,,,,,"1s EVT boot v0.3.0-dev mode=2"
,,,,,,,,"1s EVT boot v0.3.0-dev mode=2"
,,,,,,,,"1s EVT boot v0.3.0-dev mode=2"
,,,,,,,,"1s EVT boot v0.3.0-dev mode=2"
,,,,,,,,"1s EVT boot v0.3.0-dev mode=2"
,,,,,,,,"1s EVT boot v0.3.0-dev mode=2"
,,,,,,,,"1s EVT boot v0.3.0-dev mode=2"
,,,,,,,,"1s EVT boot v0.3.0-dev mode=2"
,,,,,,,,"1s EVT boot v0.3.0-dev mode=2"
,,,,,,,,"1s EVT boot v0.3.0-dev mode=2"
,,,,,,,,"1s EVT boot v0.3.0-dev mode=2"
,,,,,,,,"1s EVT boot v0.3.0-dev mode=2"
,,,,,,,,"1s EVT boot v0.3.0-dev mode=2"
,,,,,,,,"1s EVT boot v0.3.0-dev mode=2"
,,,,,,,,"1s EVT boot v0.3.0-dev mode=2"
,,,,,,,,"1s EVT boot v0.3.0-dev mode=2"
,,,,,,,,"1s EVT boot v0.3.0-dev mode=2"
,,,,,,,,"1s EVT boot v0.3.0-dev mode=2"
,,,,,,,,"1s EVT boot v0.3.0-dev mode=2"
,,,,,,,,"1s EVT boot v0.3.0-dev mode=2"
,,,,,,,,"1s EVT boot v0.3.0-dev mode=2"
,,,,,,,,"1s EVT boot v0.3.0-dev mode=2"
,,,,,,,,"1s EVT boot v0.3.0-dev mode=2"
,,,,,,,,"1s EVT boot v0.3.0-dev mode=2"
,,,,,,,,"1s EVT boot v0.3.0-dev mode=2"
,,,,,,,,"1s EVT boot v0.3.0-dev mode=2"
,,,,,,,,"1s EVT boot v0.3.0-dev mode=2"
,,,,,,,,"1s EVT boot v0.3.0-dev mode=2"
,,,,,,,,"1s EVT boot v0.3.0-dev mode=2"
,,,,,,,,"1s EVT boot v0.3.0-dev mode=2"
,,,,,,,,"1s EVT boot v0.3.0-dev mode=2"
,,,,,,,,"1s EVT boot v0.3.0-dev mode=2"
,,,,,,,,"1s EVT boot v0.3.0-dev mode=2"
,,,,,,,,"1s EVT boot v0.3.0-dev mode=2"
,,,,,,,,"1s EVT boot v0.3.0-dev mode=2"
,,,,,,,,"1s EVT boot v0.3.0-dev mode=2"
,,,,,,,,"1s EVT boot v0.3.0-dev mode=2"
,,,,,,,,"1s EVT boot v0.3.0-dev mode=2"
,,,,,,,,"1s EVT boot v0.3.0-dev mode=2"
,,,,,,,,"1s EVT boot v0.3.0-dev mode=2"
,,,,,,,,"1s EVT boot v0.3.0-dev mode=2"
,,,,,,,,"1s EVT boot v0.3.0-dev mode=2"
,,,,,,,,"1s EVT boot v0.3.0-dev mode=2"
,,,,,,,,"1s EVT boot v0.3.0-dev mode=2"
,,,,,,,,"1s EVT boot v0.3.0-dev mode=2"
,,,,,,,,"1s EVT boot v0.3.0-dev mode=2"
,,,,,,,,"1s EVT boot v0.3.0-dev mode=2"
,,,,,,,,"1s EVT boot v0.3.0-dev mode=2"
,,,,,,,,"1s EVT boot v0.3.0-dev mode=2"
,,,,,,,,"1s EVT boot v0.3.0-dev mode=2"
,,,,,,,,"1s EVT boot v0.3.0-dev mode=2"
,,,,,,,,"1s EVT boot v0.3.0-dev mode=2"
,,,,,,,,"1s EVT boot v0.3.0-dev mode=2"
,,,,,,,,"1s EVT mode=2 log=on"
,,,,,,,,"9s TX STS En marcha, buscando satelites 61b ok"
,,,,,,,,"27s TX TLM seq=1 ok"
,,,,,,,,"55s TX BCN pos -29.98311,-140.04282 89b ok"
2000,01:31:28,TRK,-29.99394,-140.02789,0.0,0,321,tx ok
2000-00-00,01:31:28,TX,,,,,,"STS GPS OK 38b ok"
2026-09-13,01:32:13,RX,,,,,,"EA2OY-10 Bcn rssi-34 snr6.2"
2026-09-13,01:32:13,DG,,,,,,"EA2OY-10 -> EA2OY-7* rssi-34 snr6.2"
2026-09-13,01:32:13,RX,,,,,,"EA2OY-10 Bcn rssi-34 snr6.2"
2026-09-13,01:32:26,TX,,,,,,"WX .../...g...t076h42b09753"
2026-09-13,01:33:45,RX,,,,,,"N0CALL-10 Bcn rssi-119 snr-8.5"
2026-09-13,01:33:45,DG,,,,,,"N0CALL-10 -> EA2OY-7* rssi-119 snr-8.5"
2026-09-13,01:33:45,RX,,,,,,"N0CALL-10 Bcn rssi-119 snr-8.5"
2026,01:35:19,TRK,-29.99326,-140.02472,7.8,314,171,tx ok
2026,01:37:00,TRK,-29.99435,-140.02470,0.0,313,289,tx ok
2026-09-13,01:40:38,TX,,,,,,"TLM seq=2 ok"
2026-09-13,01:47:27,TX,,,,,,"WX .../...g...t076h42b09752"
2026,01:50:20,TRK,-29.99534,-140.02365,0.0,257,179,tx ok
2026-09-13,01:50:39,TX,,,,,,"TLM seq=3 ok"
,,,,,,,,"1s EVT boot v0.3.0-dev mode=2"
,,,,,,,,"1s EVT mode=2 log=on"
,,,,,,,,"9s TX STS En marcha, buscando satelites 61b ok"
,,,,,,,,"26s TX TLM seq=1 ok"
,,,,,,,,"270s TX BCN pos -29.98311,-140.04282 89b ok"
,,,,,,,,"384s RX EA2OY-10 Bcn rssi-38 snr6.0"
,,,,,,,,"388s DG EA2OY-10 -> EA2OY-7* rssi-38 snr6.0"
,,,,,,,,"388s RX EA2OY-10 Bcn rssi-38 snr6.0"
,,,,,,,,"485s TX BCN pos -29.98311,-140.04282 89b ok"
,,,,,,,,"604s TX BCN pos -29.98311,-140.04282 89b ok"
,,,,,,,,"616s TX TLM seq=2 ok"
,,,,,,,,"654s RX N0CALL-10 Bcn rssi-125 snr-16.0"
,,,,,,,,"658s DG N0CALL-10 -> EA2OY-7* rssi-125 snr-16.0"
,,,,,,,,"658s RX N0CALL-10 Bcn rssi-125 snr-16.0"
,,,,,,,,"1s EVT boot v0.3.0-dev mode=2"
,,,,,,,,"1s EVT mode=2 log=on"
,,,,,,,,"9s TX STS En marcha, buscando satelites 61b ok"
,,,,,,,,"26s TX TLM seq=1 ok"
,,,,,,,,"533s RX EA2OY-10 Bcn rssi-28 snr6.8"
,,,,,,,,"537s DG EA2OY-10 -> EA2OY-7* rssi-28 snr6.8"
,,,,,,,,"537s RX EA2OY-10 Bcn rssi-28 snr6.8"
,,,,,,,,"603s TX BCN pos -29.98311,-140.04282 89b ok"
,,,,,,,,"616s TX TLM seq=2 ok"
,,,,,,,,"1216s TX TLM seq=3 ok"
,,,,,,,,"1433s RX EA2OY-10 Bcn rssi-44 snr5.2"
,,,,,,,,"1437s DG EA2OY-10 -> EA2OY-7* rssi-44 snr5.2"
,,,,,,,,"1437s RX EA2OY-10 Bcn rssi-44 snr5.2"
2026,11:00:28,TRK,-29.99542,-140.02245,0.0,0,394,tx ok
2026-09-13,11:00:28,TX,,,,,,"STS GPS OK 38b ok"
2026-09-13,11:01:27,TX,,,,,,"WX .../...g...t114h17b09756"
2026-09-13,11:03:46,RX,,,,,,"N0CALL-10 Bcn rssi-113 snr-5.0"
2026-09-13,11:03:46,DG,,,,,,"N0CALL-10 -> EA2OY-7* rssi-113 snr-5.0"
2026-09-13,11:03:46,RX,,,,,,"N0CALL-10 Bcn rssi-113 snr-5.0"
2026-09-13,11:05:36,TX,,,,,,"TLM seq=4 ok"
2026-09-13,11:14:16,RX,,,,,,"EA2OY-10 Bcn rssi-40 snr5.2"
2026-09-13,11:14:16,DG,,,,,,"EA2OY-10 -> EA2OY-7* rssi-40 snr5.2"
2026-09-13,11:14:16,RX,,,,,,"EA2OY-10 Bcn rssi-40 snr5.2"
2026,11:15:29,TRK,-29.99553,-140.02227,1.1,329,438,tx ok
2026-09-13,11:15:36,TX,,,,,,"TLM seq=5 ok"
2026-09-13,11:16:27,TX,,,,,,"WX .../...g...t133h09b09755"
2026-09-13,11:25:36,TX,,,,,,"TLM seq=6 ok"
2026-09-13,11:29:16,RX,,,,,,"EA2OY-10 Bcn rssi-38 snr6.0"
2026-09-13,11:29:16,DG,,,,,,"EA2OY-10 -> EA2OY-7* rssi-38 snr6.0"
2026-09-13,11:29:16,RX,,,,,,"EA2OY-10 Bcn rssi-38 snr6.0"
2026,11:30:29,TRK,-29.99551,-140.02234,0.0,146,456,tx ok
2026-09-13,11:31:28,TX,,,,,,"WX .../...g...t130h09b09752"
2026-09-13,11:33:46,RX,,,,,,"N0CALL-10 Bcn rssi-112 snr-2.8"
2026-09-13,11:33:46,DG,,,,,,"N0CALL-10 -> EA2OY-7* rssi-112 snr-2.8"
2026-09-13,11:33:46,RX,,,,,,"N0CALL-10 Bcn rssi-112 snr-2.8"
2026-09-13,11:35:37,TX,,,,,,"TLM seq=7 ok"
2026-09-13,11:44:16,RX,,,,,,"EA2OY-10 Bcn rssi-41 snr6.2"
2026-09-13,11:44:16,DG,,,,,,"EA2OY-10 -> EA2OY-7* rssi-41 snr6.2"
2026-09-13,11:44:16,RX,,,,,,"EA2OY-10 Bcn rssi-41 snr6.2"
2026,11:45:30,TRK,-29.99559,-140.02224,0.0,296,470,tx ok
2026-09-13,11:45:37,TX,,,,,,"TLM seq=8 ok"
2026-09-13,11:46:29,TX,,,,,,"WX .../...g...t136h08b09749"
2026-09-13,11:55:38,TX,,,,,,"TLM seq=9 ok"
2026-09-13,11:59:17,RX,,,,,,"EA2OY-10 Bcn rssi-43 snr5.5"
2026-09-13,11:59:17,DG,,,,,,"EA2OY-10 -> EA2OY-7* rssi-43 snr5.5"
2026-09-13,11:59:17,RX,,,,,,"EA2OY-10 Bcn rssi-43 snr5.5"
2026,12:00:31,TRK,-29.99554,-140.02256,0.0,333,426,tx ok
2026-09-13,12:01:30,TX,,,,,,"WX .../...g...t124h10b09746"
2026-09-13,12:03:46,RX,,,,,,"N0CALL-10 Bcn rssi-114 snr-4.2"
2026-09-13,12:03:46,DG,,,,,,"N0CALL-10 -> EA2OY-7* rssi-114 snr-4.2"
2026-09-13,12:03:46,RX,,,,,,"N0CALL-10 Bcn rssi-114 snr-4.2"
2026-09-13,12:05:39,TX,,,,,,"TLM seq=10 ok"
2026-09-13,12:14:17,RX,,,,,,"EA2OY-10 Bcn rssi-41 snr5.2"
2026-09-13,12:14:17,DG,,,,,,"EA2OY-10 -> EA2OY-7* rssi-41 snr5.2"
2026-09-13,12:14:17,RX,,,,,,"EA2OY-10 Bcn rssi-41 snr5.2"
2026,12:15:32,TRK,-29.99532,-140.02254,1.1,327,462,tx ok
2026-09-13,12:15:39,TX,,,,,,"TLM seq=11 ok"
2026-09-13,12:16:30,TX,,,,,,"WX .../...g...t099h20b09741"
2026-09-13,12:25:39,TX,,,,,,"TLM seq=12 ok"
2026-09-13,12:29:17,RX,,,,,,"EA2OY-10 Bcn rssi-37 snr5.8"
2026-09-13,12:29:17,DG,,,,,,"EA2OY-10 -> EA2OY-7* rssi-37 snr5.8"
2026-09-13,12:29:17,RX,,,,,,"EA2OY-10 Bcn rssi-37 snr5.8"
2026,12:30:32,TRK,-29.99500,-140.02315,1.1,170,20,tx ok
2026-09-13,12:31:31,TX,,,,,,"WX .../...g...t089h29b09740"
2026-09-13,12:33:47,RX,,,,,,"N0CALL-10 Bcn rssi-122 snr-13.8"
2026-09-13,12:33:47,DG,,,,,,"N0CALL-10 -> EA2OY-7* rssi-122 snr-13.8"
2026-09-13,12:33:47,RX,,,,,,"N0CALL-10 Bcn rssi-122 snr-13.8"
2026-09-13,12:35:40,TX,,,,,,"TLM seq=13 ok"
2026-09-13,12:44:17,RX,,,,,,"EA2OY-10 Bcn rssi-35 snr6.8"
2026-09-13,12:44:17,DG,,,,,,"EA2OY-10 -> EA2OY-7* rssi-35 snr6.8"
2026-09-13,12:44:17,RX,,,,,,"EA2OY-10 Bcn rssi-35 snr6.8"
,,,,,,,,"1s EVT boot v0.3.0-dev mode=2"
,,,,,,,,"1s EVT mode=2 log=on"
,,,,,,,,"1s EVT boot v0.3.0-dev mode=2"
,,,,,,,,"1s EVT mode=2 log=on"
,,,,,,,,"9s TX STS En marcha, buscando satelites 61b ok"
,,,,,,,,"26s TX TLM seq=1 ok"
2026,12:49:34,TRK,-29.99495,-140.02352,0.0,0,206,tx ok
2026-09-13,12:49:34,TX,,,,,,"STS GPS OK 38b ok"
2026-09-13,12:50:24,TX,,,,,,"WX .../...g...t085h34b09737"
2026-09-13,12:56:36,TX,,,,,,"TLM seq=2 ok"
2026-09-13,12:59:17,RX,,,,,,"EA2OY-10 Bcn rssi-34 snr6.0"
2026-09-13,12:59:17,DG,,,,,,"EA2OY-10 -> EA2OY-7* rssi-34 snr6.0"
2026-09-13,12:59:17,RX,,,,,,"EA2OY-10 Bcn rssi-34 snr6.0"
2026-09-13,13:03:47,RX,,,,,,"N0CALL-10 Bcn rssi-121 snr-10.2"
2026-09-13,13:03:47,DG,,,,,,"N0CALL-10 -> EA2OY-7* rssi-121 snr-10.2"
2026-09-13,13:03:47,RX,,,,,,"N0CALL-10 Bcn rssi-121 snr-10.2"
2026,13:04:34,TRK,-29.99572,-140.02395,0.0,205,-10,tx ok
2026-09-13,13:05:25,TX,,,,,,"WX .../...g...t084h35b09736"
2026-09-13,13:06:37,TX,,,,,,"TLM seq=3 ok"
,,,,,,,,"1s EVT boot v0.3.0-dev mode=2"
,,,,,,,,"1s EVT mode=2 log=on"
,,,,,,,,"9s TX STS En marcha, buscando satelites 61b ok"
,,,,,,,,"26s TX TLM seq=1 ok"
2000,13:09:32,TRK,-29.99485,-140.02329,0.0,0,70,tx ok
2000-00-00,13:09:32,TX,,,,,,"STS GPS OK 38b ok"
2000-00-00,13:09:32,TX,,,,,,"WX .../...g...t083h35b09735"
,,,,,,,,"1s EVT boot v1.0alpha mode=2"
,,,,,,,,"1s EVT mode=2 log=on"
,,,,,,,,"9s TX STS En marcha, buscando satelites 61b ok"
,,,,,,,,"26s TX TLM seq=1 ok"
2026,13:15:39,TRK,-29.99588,-140.02314,0.0,0,387,tx ok
2026-09-13,13:15:39,TX,,,,,,"STS GPS OK 38b ok"
2026-09-13,13:16:32,TX,,,,,,"WX .../...g...t083h35b09736"
2026-09-13,13:24:45,TX,,,,,,"TLM seq=2 ok"
2026-09-13,13:28:44,RX,,,,,,"EA2OY-10 Bcn rssi-31 snr5.2"
2026-09-13,13:28:44,DG,,,,,,"EA2OY-10 -> EA2OY-7* rssi-31 snr5.2"
2026-09-13,13:28:45,RX,,,,,,"EA2OY-10 Bcn rssi-31 snr5.2"
2026,13:30:40,TRK,-29.99558,-140.02265,0.0,124,447,tx ok
2026-09-13,13:31:33,TX,,,,,,"WX .../...g...t082h36b09733"
2026-09-13,13:33:47,RX,,,,,,"N0CALL-10 Bcn rssi-116 snr-6.2"
2026-09-13,13:33:47,DG,,,,,,"N0CALL-10 -> EA2OY-7* rssi-116 snr-6.2"
2026-09-13,13:33:47,RX,,,,,,"N0CALL-10 Bcn rssi-116 snr-6.2"
2026-09-13,13:34:45,TX,,,,,,"TLM seq=3 ok"
2026-09-13,13:43:45,RX,,,,,,"EA2OY-10 Bcn rssi-35 snr5.8"
2026-09-13,13:43:45,DG,,,,,,"EA2OY-10 -> EA2OY-7* rssi-35 snr5.8"
2026-09-13,13:43:45,RX,,,,,,"EA2OY-10 Bcn rssi-35 snr5.8"
2026-09-13,13:44:45,TX,,,,,,"TLM seq=4 ok"
2026,13:45:41,TRK,-29.99548,-140.02251,0.0,170,480,tx ok
2026-09-13,13:46:33,TX,,,,,,"WX .../...g...t082h37b09731"
2026-09-13,13:54:46,TX,,,,,,"TLM seq=5 ok"
2026-09-13,13:58:45,RX,,,,,,"EA2OY-10 Bcn rssi-30 snr6.8"
2026-09-13,13:58:45,DG,,,,,,"EA2OY-10 -> EA2OY-7* rssi-30 snr6.8"
2026-09-13,13:58:45,RX,,,,,,"EA2OY-10 Bcn rssi-30 snr6.8"
